Index,TEXCOORD2,byte48p
0,0.2879360616207123,
0,0.2896869480609894,
1,0.2879360616207123,
1,0.30732589960098267,
2,0.36559855937957764,
2,0.30732589960098267,
3,0.36559855937957764,
3,0.2896869480609894,
4,0.21013681590557098,
4,0.289686918258667,
5,0.21013681590557098,
5,0.3073258697986603,
6,0.13289259374141693,
6,0.2896868586540222,
7,0.13289259374141693,
7,0.3073258697986603,
8,0.057743173092603683,
8,0.2896868586540222,
9,0.057743173092603683,
9,0.3073258101940155,
10,0.009087606333196163,
10,0.2896868586540222,
11,0.009087606333196163,
11,0.3073258101940155,
12,0.44321146607398987,
12,0.30732592940330505,
13,0.44321146607398987,
13,0.28968697786331177,
14,0.5204206705093384,
14,0.30732595920562744,
15,0.5204206705093384,
15,0.28968697786331177,
16,0.5969794988632202,
16,0.30732598900794983,
17,0.5969794988632202,
17,0.28968700766563416,
18,0.6802691221237183,
18,0.30732598900794983,
19,0.6802691221237183,
19,0.28968700766563416,
20,0.13289259374141693,
20,0.27204787731170654,
21,0.21013681590557098,
21,0.2720479369163513,
22,0.21013681590557098,
22,0.22809408605098724,
23,0.2879360616207123,
23,0.22809413075447083,
24,0.21013681590557098,
24,0.19893333315849304,
25,0.2879360616207123,
25,0.19893336296081543,
26,0.36559855937957764,
26,0.22809413075447083,
27,0.36559855937957764,
27,0.19893336296081543,
28,0.2879360616207123,
28,0.17590388655662537,
29,0.36559855937957764,
29,0.17590388655662537,
30,0.21013681590557098,
30,0.17590384185314178,
31,0.13289259374141693,
31,0.19893328845500946,
32,0.13289259374141693,
32,0.22809405624866486,
33,0.13289259374141693,
33,0.17590384185314178,
34,0.057743173092603683,
34,0.19893328845500946,
35,0.057743173092603683,
35,0.22809405624866486,
36,0.057743173092603683,
36,0.1759037971496582,
37,0.009087606333196163,
37,0.19893328845500946,
38,0.009087606333196163,
38,0.22809405624866486,
39,0.009087606333196163,
39,0.1759037971496582,
40,0.44321146607398987,
40,0.2280941754579544,
41,0.44321146607398987,
41,0.19893336296081543,
42,0.5204206705093384,
42,0.2280941754579544,
43,0.5204206705093384,
43,0.198933407664299,
44,0.5969794988632202,
44,0.228094220161438,
45,0.5969794988632202,
45,0.1989334523677826,
46,0.6802691221237183,
46,0.228094220161438,
47,0.6802691221237183,
47,0.1989334523677826,
48,0.5969794988632202,
48,0.17590397596359253,
49,0.6802691221237183,
49,0.17590397596359253,
50,0.5204206705093384,
50,0.17590393126010895,
51,0.44321146607398987,
51,0.17590393126010895,
52,0.5969794988632202,
52,0.27204805612564087,
53,0.6802691221237183,
53,0.27204805612564087,
54,0.5204206705093384,
54,0.2720480263233185,
55,0.44321146607398987,
55,0.2720479965209961,
56,0.36559855937957764,
56,0.2720479667186737,
57,0.2879360616207123,
57,0.2720479667186737,
58,0.3714672327041626,
58,0.016454998403787613,
59,0.3714672327041626,
59,0.004748338367789984,
60,0.29685765504837036,
60,0.004748338367789984,
61,0.29685765504837036,
61,0.016454998403787613,
62,0.44558951258659363,
62,0.016454998403787613,
63,0.44558951258659363,
63,0.004748338367789984,
64,0.5191783905029297,
64,0.016454998403787613,
65,0.5191783905029297,
65,0.004748338367789984,
66,0.5924466252326965,
66,0.016454998403787613,
67,0.5924466252326965,
67,0.004748338367789984,
68,0.6819222569465637,
68,0.016454998403787613,
69,0.6819222569465637,
69,0.004748338367789984,
70,0.22226758301258087,
70,0.004748338367789984,
71,0.22226758301258087,
71,0.016454998403787613,
72,0.14766736328601837,
72,0.004748338367789984,
73,0.14766736328601837,
73,0.016454998403787613,
74,0.07384833693504333,
74,0.004748338367789984,
75,0.07384833693504333,
75,0.016454998403787613,
76,0.009087580256164074,
76,0.004748338367789984,
77,0.009087580256164074,
77,0.016454998403787613,
78,0.3714672327041626,
78,0.02970522828400135,
79,0.3714672327041626,
79,0.016454998403787613,
80,0.29685765504837036,
80,0.016454998403787613,
81,0.29685765504837036,
81,0.02970522828400135,
82,0.44558951258659363,
82,0.02970522828400135,
83,0.44558951258659363,
83,0.016454998403787613,
84,0.5191783905029297,
84,0.02970522828400135,
85,0.5191783905029297,
85,0.016454998403787613,
86,0.5924466252326965,
86,0.02970522828400135,
87,0.5924466252326965,
87,0.016454998403787613,
88,0.6819222569465637,
88,0.02970522828400135,
89,0.6819222569465637,
89,0.016454998403787613,
90,0.22226758301258087,
90,0.016454998403787613,
91,0.22226758301258087,
91,0.02970522828400135,
92,0.14766736328601837,
92,0.016454998403787613,
93,0.14766736328601837,
93,0.02970522828400135,
94,0.07384833693504333,
94,0.016454998403787613,
95,0.07384833693504333,
95,0.02970522828400135,
96,0.009087580256164074,
96,0.016454998403787613,
97,0.009087580256164074,
97,0.02970522828400135,
98,0.3714672327041626,
98,0.05375993251800537,
99,0.3714672327041626,
99,0.032870784401893616,
100,0.29685765504837036,
100,0.032870784401893616,
101,0.29685765504837036,
101,0.05375993251800537,
102,0.3714672327041626,
102,0.09717749059200287,
103,0.29685765504837036,
103,0.09717749059200287,
104,0.44558951258659363,
104,0.05375993251800537,
105,0.44558951258659363,
105,0.032870784401893616,
106,0.44558951258659363,
106,0.09717749059200287,
107,0.5191783905029297,
107,0.05375993251800537,
108,0.5191783905029297,
108,0.032870784401893616,
109,0.5191783905029297,
109,0.09717749059200287,
110,0.5924466252326965,
110,0.05375993251800537,
111,0.5924466252326965,
111,0.032870784401893616,
112,0.5924466252326965,
112,0.09717749059200287,
113,0.6819222569465637,
113,0.05375993251800537,
114,0.6819222569465637,
114,0.032870784401893616,
115,0.6819222569465637,
115,0.09717749059200287,
116,0.22226758301258087,
116,0.032870784401893616,
117,0.14766736328601837,
117,0.032870784401893616,
118,0.22226758301258087,
118,0.05375993251800537,
119,0.14766736328601837,
119,0.05375993251800537,
120,0.07384833693504333,
120,0.032870784401893616,
121,0.07384833693504333,
121,0.05375993251800537,
122,0.009087580256164074,
122,0.032870784401893616,
123,0.009087580256164074,
123,0.05375993251800537,
124,0.07384833693504333,
124,0.09717749059200287,
125,0.009087580256164074,
125,0.09717749059200287,
126,0.14766736328601837,
126,0.09717749059200287,
127,0.22226758301258087,
127,0.09717749059200287,
128,0.3714672327041626,
128,0.16581615805625916,
129,0.3714672327041626,
129,0.1035086065530777,
130,0.29685765504837036,
130,0.1035086065530777,
131,0.29685765504837036,
131,0.16581615805625916,
132,0.44558951258659363,
132,0.16581615805625916,
133,0.44558951258659363,
133,0.1035086065530777,
134,0.5191783905029297,
134,0.16581615805625916,
135,0.5191783905029297,
135,0.1035086065530777,
136,0.5924466252326965,
136,0.16581615805625916,
137,0.5924466252326965,
137,0.1035086065530777,
138,0.6819222569465637,
138,0.16581615805625916,
139,0.6819222569465637,
139,0.1035086065530777,
140,0.22226758301258087,
140,0.1035086065530777,
141,0.22226758301258087,
141,0.16581615805625916,
142,0.14766736328601837,
142,0.1035086065530777,
143,0.14766736328601837,
143,0.16581615805625916,
144,0.07384833693504333,
144,0.1035086065530777,
145,0.07384833693504333,
145,0.16581615805625916,
146,0.009087580256164074,
146,0.1035086065530777,
147,0.009087580256164074,
147,0.16581615805625916,
148,0.11642330884933472,
148,0.9702452421188354,
149,0.13601651787757874,
149,0.9929467439651489,
150,0.15740425884723663,
150,0.9546811580657959,
151,0.11600610613822937,
151,0.940260648727417,
152,0.1349603831768036,
152,0.9170229434967041,
153,0.16441701352596283,
153,0.9114054441452026,
154,0.1905929446220398,
154,0.9260364770889282,
155,0.20124028623104095,
155,0.9540700912475586,
156,0.1913769245147705,
156,0.9823890924453735,
157,0.16561807692050934,
157,0.9977425336837769,
158,0.804252028465271,
158,0.36660096049308777,
159,0.804252028465271,
159,0.4282817244529724,
160,0.8454579710960388,
160,0.4282817244529724,
161,0.8454579710960388,
161,0.36660099029541016,
162,0.8454579710960388,
162,0.3077477812767029,
163,0.804252028465271,
163,0.3077477812767029,
164,0.8454579710960388,
164,0.24907128512859344,
165,0.804252028465271,
165,0.24907128512859344,
166,0.8454579710960388,
166,0.1904105842113495,
167,0.804252028465271,
167,0.1904105395078659,
168,0.8454579710960388,
168,0.13097870349884033,
169,0.804252028465271,
169,0.13097870349884033,
170,0.8454579710960388,
170,0.06987375766038895,
171,0.804252028465271,
171,0.06987375766038895,
172,0.8454579710960388,
172,0.00988177303224802,
173,0.804252028465271,
173,0.00988177303224802,
174,0.804252028465271,
174,0.4931328296661377,
175,0.8454579710960388,
175,0.4931328296661377,
176,0.804252028465271,
176,0.5708984136581421,
177,0.8454579710960388,
177,0.5708984136581421,
178,0.8847972750663757,
178,0.3077477812767029,
179,0.8847972750663757,
179,0.24907128512859344,
180,0.9198862910270691,
180,0.3077477812767029,
181,0.9198861718177795,
181,0.36660099029541016,
182,0.8847972750663757,
182,0.36660099029541016,
183,0.9198861718177795,
183,0.4282817244529724,
184,0.8847972750663757,
184,0.4282817244529724,
185,0.9198862910270691,
185,0.24907128512859344,
186,0.8847972750663757,
186,0.1904105842113495,
187,0.9198862910270691,
187,0.1904105842113495,
188,0.8847972750663757,
188,0.13097870349884033,
189,0.9198862910270691,
189,0.13097870349884033,
190,0.8847972750663757,
190,0.06987375766038895,
191,0.9198862910270691,
191,0.06987375766038895,
192,0.8847972750663757,
192,0.00988177303224802,
193,0.9198862910270691,
193,0.00988177303224802,
194,0.9198861718177795,
194,0.4931328296661377,
195,0.8847972750663757,
195,0.4931328296661377,
196,0.9198861718177795,
196,0.5708984136581421,
197,0.8847972750663757,
197,0.5708984136581421,
198,0.9449991583824158,
198,0.1904105842113495,
199,0.9449991583824158,
199,0.24907128512859344,
200,0.9884118437767029,
200,0.19041062891483307,
201,0.9884118437767029,
201,0.24907128512859344,
202,0.9449990391731262,
202,0.3077477812767029,
203,0.9884118437767029,
203,0.3077477812767029,
204,0.9449990391731262,
204,0.36660099029541016,
205,0.9884118437767029,
205,0.36660102009773254,
206,0.9449990391731262,
206,0.4282817244529724,
207,0.9884118437767029,
207,0.4282817244529724,
208,0.9884118437767029,
208,0.13097870349884033,
209,0.9449991583824158,
209,0.13097870349884033,
210,0.9884118437767029,
210,0.06987375766038895,
211,0.9449991583824158,
211,0.06987375766038895,
212,0.9884118437767029,
212,0.00988177303224802,
213,0.9449991583824158,
213,0.00988177303224802,
214,0.9449990391731262,
214,0.4931328296661377,
215,0.9884118437767029,
215,0.4931328296661377,
216,0.9449990391731262,
216,0.5708984136581421,
217,0.9884118437767029,
217,0.5708984136581421,
218,0.2910959720611572,
218,0.7918088436126709,
219,0.2910959720611572,
219,0.855340301990509,
220,0.3073512017726898,
220,0.855340301990509,
221,0.3073512017726898,
221,0.7918088436126709,
222,0.2910959720611572,
222,0.7282243371009827,
223,0.3073512017726898,
223,0.7282243371009827,
224,0.29109588265419006,
224,0.6646262407302856,
225,0.3073512017726898,
225,0.6646262407302856,
226,0.29109588265419006,
226,0.6015687584877014,
227,0.3073512017726898,
227,0.6015687584877014,
228,0.29109588265419006,
228,0.5400469303131104,
229,0.3073512017726898,
229,0.5400469303131104,
230,0.29109588265419006,
230,0.4811260402202606,
231,0.3073512017726898,
231,0.4811260402202606,
232,0.29109594225883484,
232,0.417879194021225,
233,0.3073512613773346,
233,0.417879194021225,
234,0.29109594225883484,
234,0.3858505189418793,
235,0.3073512613773346,
235,0.3858505189418793,
236,0.3354867994785309,
236,0.7918088436126709,
237,0.3354867994785309,
237,0.855340301990509,
238,0.3354867398738861,
238,0.6646262407302856,
239,0.33548682928085327,
239,0.7282243371009827,
240,0.3354867994785309,
240,0.5400469303131104,
241,0.3354867398738861,
241,0.6015687584877014,
242,0.3354867994785309,
242,0.417879194021225,
243,0.3354867994785309,
243,0.4811260402202606,
244,0.30735114216804504,
244,0.9225296974182129,
245,0.29109588265419006,
245,0.9225296974182129,
246,0.3354867696762085,
246,0.9225296974182129,
247,0.33548682928085327,
247,0.3858505189418793,
248,0.4243369996547699,
248,0.7918088436126709,
249,0.4243369996547699,
249,0.855340301990509,
250,0.48804977536201477,
250,0.855340301990509,
251,0.48804977536201477,
251,0.7918088436126709,
252,0.4243370294570923,
252,0.7282243371009827,
253,0.48804977536201477,
253,0.7282243371009827,
254,0.4243369996547699,
254,0.6646263003349304,
255,0.48804977536201477,
255,0.6646263003349304,
256,0.4243369996547699,
256,0.6015687584877014,
257,0.48804977536201477,
257,0.6015688180923462,
258,0.4243370294570923,
258,0.5400469303131104,
259,0.48804977536201477,
259,0.5400469303131104,
260,0.4243370294570923,
260,0.4811260402202606,
261,0.48804977536201477,
261,0.4811260402202606,
262,0.4243370294570923,
262,0.417879194021225,
263,0.48804977536201477,
263,0.417879194021225,
264,0.4243370592594147,
264,0.3858505189418793,
265,0.48804977536201477,
265,0.3858505189418793,
266,0.5482844114303589,
266,0.7918089628219604,
267,0.5482843518257141,
267,0.855340301990509,
268,0.5482843518257141,
268,0.6646263003349304,
269,0.5482844114303589,
269,0.7282243371009827,
270,0.5482843518257141,
270,0.5400470495223999,
271,0.5482843518257141,
271,0.6015688180923462,
272,0.5482844114303589,
272,0.417879194021225,
273,0.5482844114303589,
273,0.481126070022583,
274,0.48804977536201477,
274,0.9225296974182129,
275,0.4243369698524475,
275,0.9225296974182129,
276,0.5482843518257141,
276,0.9225296974182129,
277,0.3889775276184082,
277,0.855340301990509,
278,0.3889775574207306,
278,0.7918088436126709,
279,0.388977587223053,
279,0.7282243371009827,
280,0.388977587223053,
280,0.6646263003349304,
281,0.388977587223053,
281,0.6015687584877014,
282,0.38897761702537537,
282,0.5400469303131104,
283,0.38897764682769775,
283,0.4811260402202606,
284,0.38897764682769775,
284,0.417879194021225,
285,0.38897764682769775,
285,0.3858505189418793,
286,0.36996224522590637,
286,0.7918088436126709,
287,0.36996224522590637,
287,0.855340301990509,
288,0.36996230483055115,
288,0.6646262407302856,
289,0.36996230483055115,
289,0.7282243371009827,
290,0.36996233463287354,
290,0.5400469303131104,
291,0.36996230483055115,
291,0.6015687584877014,
292,0.3699623644351959,
292,0.417879194021225,
293,0.3699623644351959,
293,0.4811260402202606,
294,0.36996224522590637,
294,0.9225296974182129,
295,0.3889775276184082,
295,0.9225296974182129,
296,0.3699623942375183,
296,0.3858505189418793,
297,0.5482844114303589,
297,0.3858505189418793,
298,0.2351505309343338,
298,0.7918088436126709,
299,0.2220175862312317,
299,0.7918088436126709,
300,0.22201752662658691,
300,0.8553401827812195,
301,0.23515044152736664,
301,0.855340301990509,
302,0.2351505309343338,
302,0.7282243371009827,
303,0.2220175862312317,
303,0.7282243371009827,
304,0.2351505309343338,
304,0.6646262407302856,
305,0.2220175862312317,
305,0.6646262407302856,
306,0.2351505309343338,
306,0.6015687584877014,
307,0.2220175862312317,
307,0.6015687584877014,
308,0.2351505309343338,
308,0.5400469303131104,
309,0.2220175862312317,
309,0.5400469303131104,
310,0.23515059053897858,
310,0.4811260402202606,
311,0.22201766073703766,
311,0.48112595081329346,
312,0.2351505011320114,
312,0.417879194021225,
313,0.22201766073703766,
313,0.417879194021225,
314,0.2351505011320114,
314,0.3858505189418793,
315,0.22201766073703766,
315,0.3858505189418793,
316,0.22201752662658691,
316,0.9225298166275024,
317,0.23515044152736664,
317,0.9225298166275024,
318,0.20426636934280396,
318,0.7282243371009827,
319,0.20426636934280396,
319,0.7918088436126709,
320,0.20426636934280396,
320,0.6646262407302856,
321,0.20426636934280396,
321,0.6015687584877014,
322,0.20426636934280396,
322,0.5400470495223999,
323,0.20426644384860992,
323,0.4811261296272278,
324,0.20426635444164276,
324,0.4178793728351593,
325,0.20426635444164276,
325,0.3858505189418793,
326,0.25801926851272583,
326,0.417879194021225,
327,0.25801926851272583,
327,0.4811260402202606,
328,0.25801917910575867,
328,0.5400469303131104,
329,0.25801917910575867,
329,0.6015687584877014,
330,0.25801917910575867,
330,0.6646262407302856,
331,0.25801917910575867,
331,0.7282243371009827,
332,0.25801917910575867,
332,0.7918088436126709,
333,0.2580191195011139,
333,0.855340301990509,
334,0.2580191195011139,
334,0.9225298166275024,
335,0.20426629483699799,
335,0.8553401827812195,
336,0.20426629483699799,
336,0.9225298166275024,
337,0.058126240968704224,
337,0.944358766078949,
338,0.03043997287750244,
338,0.9546813368797302,
339,0.05828407406806946,
339,0.9645702242851257,
340,0.0450136661529541,
340,0.928977370262146,
341,0.025081932544708252,
341,0.9256231784820557,
342,0.007657349109649658,
342,0.935865581035614,
343,0.0008929669857025146,
343,0.9549120664596558,
344,0.00795397162437439,
344,0.9738505482673645,
345,0.025536447763442993,
345,0.9838195443153381,
346,0.04541334509849548,
346,0.9801545143127441,
347,0.28486162424087524,
347,0.7918088436126709,
348,0.25801917910575867,
348,0.7918088436126709,
349,0.2580191195011139,
349,0.855340301990509,
350,0.28486162424087524,
350,0.855340301990509,
351,0.28486162424087524,
351,0.7282243371009827,
352,0.25801917910575867,
352,0.7282243371009827,
353,0.28486156463623047,
353,0.6646262407302856,
354,0.25801917910575867,
354,0.6646262407302856,
355,0.28486156463623047,
355,0.6015687584877014,
356,0.25801917910575867,
356,0.6015687584877014,
357,0.28486156463623047,
357,0.5400469303131104,
358,0.25801917910575867,
358,0.5400469303131104,
359,0.28486156463623047,
359,0.4811260402202606,
360,0.25801926851272583,
360,0.4811260402202606,
361,0.28486162424087524,
361,0.417879194021225,
362,0.25801926851272583,
362,0.417879194021225,
363,0.28486162424087524,
363,0.3858505189418793,
364,0.25801926851272583,
364,0.3858505189418793,
365,0.2580191195011139,
365,0.9225298166275024,
366,0.28486156463623047,
366,0.9225296974182129,
367,0.36528652906417847,
367,0.7918088436126709,
368,0.3354867994785309,
368,0.7918088436126709,
369,0.3354867994785309,
369,0.855340301990509,
370,0.36528652906417847,
370,0.855340301990509,
371,0.36528658866882324,
371,0.7282243371009827,
372,0.33548682928085327,
372,0.7282243371009827,
373,0.36528658866882324,
373,0.6646262407302856,
374,0.3354867398738861,
374,0.6646262407302856,
375,0.36528658866882324,
375,0.6015687584877014,
376,0.3354867398738861,
376,0.6015687584877014,
377,0.36528661847114563,
377,0.5400469303131104,
378,0.3354867994785309,
378,0.5400469303131104,
379,0.365286648273468,
379,0.4811260402202606,
380,0.3354867994785309,
380,0.4811260402202606,
381,0.365286648273468,
381,0.417879194021225,
382,0.3354867994785309,
382,0.417879194021225,
383,0.3652866780757904,
383,0.3858505189418793,
384,0.33548682928085327,
384,0.3858505189418793,
385,0.3354867696762085,
385,0.9225296974182129,
386,0.36528652906417847,
386,0.9225296974182129,
387,0.25801926851272583,
387,0.3858505189418793,
388,0.057743173092603683,
388,0.27204787731170654,
389,0.009087606333196163,
389,0.27204787731170654,
390,0.36559855937957764,
390,0.32496488094329834,
391,0.2879360616207123,
391,0.32496488094329834,
392,0.21013681590557098,
392,0.32496485114097595,
393,0.13289259374141693,
393,0.32496485114097595,
394,0.057743173092603683,
394,0.3249647915363312,
395,0.009087606333196163,
395,0.3249647915363312,
396,0.44321146607398987,
396,0.3249649107456207,
397,0.5204206705093384,
397,0.3249649107456207,
398,0.5969794988632202,
398,0.3249649405479431,
399,0.6802691221237183,
399,0.3249649405479431,
400,0.5987895131111145,
400,0.8616915941238403,
401,0.6106917262077332,
401,0.8450152277946472,
402,0.5875468254089355,
402,0.8160350322723389,
403,0.5756336450576782,
403,0.8356801271438599,
404,0.638999342918396,
404,0.8199860453605652,
405,0.6158818006515503,
405,0.7901272773742676,
406,0.6016070246696472,
406,0.7995659112930298,
407,0.5943870544433594,
407,0.7759944200515747,
408,0.6034877896308899,
408,0.7539918422698975,
409,0.5809426307678223,
409,0.8064051866531372,
410,0.5600131154060364,
410,0.8181182742118835,
411,0.5891554951667786,
411,0.7941249012947083,
412,0.5724354982376099,
412,0.7741293907165527,
413,0.5647979378700256,
413,0.8133870959281921,
414,0.5642839670181274,
414,0.7725396156311035,
415,0.5710896253585815,
415,0.7988582253456116,
416,0.6629455089569092,
416,0.8761350512504578,
417,0.6491758823394775,
417,0.8897908926010132,
418,0.6672635078430176,
418,0.9193124771118164,
419,0.6518136858940125,
419,0.9132871627807617,
420,0.649109959602356,
420,0.9220004081726074,
421,0.6420730352401733,
421,0.9147312045097351,
422,0.6352711915969849,
422,0.9013252854347229,
423,0.6797397136688232,
423,0.91913902759552,
424,0.6847342848777771,
424,0.8712978959083557,
425,0.6930178999900818,
425,0.9150926470756531,
426,0.7065871357917786,
426,0.9120143055915833,
427,0.705045223236084,
427,0.8702183365821838,
428,0.707345187664032,
428,0.8037371635437012,
429,0.6762085556983948,
429,0.812868595123291,
430,0.6832210421562195,
430,0.9413465261459351,
431,0.7060004472732544,
431,0.946961522102356,
432,0.6361757516860962,
432,0.9192692041397095,
433,0.6427313685417175,
433,0.9334022402763367,
434,0.6149587035179138,
434,0.9429156184196472,
435,0.612284779548645,
435,0.9561129808425903,
436,0.6408795714378357,
436,0.9576352834701538,
437,0.6442141532897949,
437,0.9767706990242004,
438,0.6571994423866272,
438,0.9576383829116821,
439,0.6611259579658508,
439,0.9827665090560913,
440,0.6411610841751099,
440,0.9859230518341064,
441,0.6579097509384155,
441,0.9918820858001709,
442,0.6132053732872009,
442,0.965649425983429,
443,0.6073812246322632,
443,0.9752939343452454,
444,0.6033528447151184,
444,0.9652056097984314,
445,0.6030665636062622,
445,0.9554789662361145,
446,0.6054903864860535,
446,0.9444987177848816,
447,0.6086203455924988,
447,0.9366766214370728,
448,0.6649527549743652,
448,0.9418574571609497,
449,0.6732314825057983,
449,0.9794692397117615,
450,0.6646639704704285,
450,0.9983078241348267,
451,0.6790406703948975,
451,0.993032693862915,
452,0.6825929880142212,
452,0.9564934372901917,
453,0.6771256327629089,
453,0.9659832119941711,
454,0.6799082159996033,
454,0.9669806957244873,
455,0.6683706641197205,
455,0.9608355164527893,
456,0.6852637529373169,
456,0.9659051895141602,
457,0.6846421957015991,
457,0.9745786190032959,
458,0.6828609704971313,
458,0.9758251309394836,
459,0.6790063977241516,
459,0.9744003415107727,
460,0.6812150478363037,
460,0.9757639169692993,
461,0.6989808082580566,
461,0.9694930911064148,
462,0.6888018250465393,
462,0.9704915881156921,
463,0.689603328704834,
463,0.985105037689209,
464,0.6832922697067261,
464,0.9758163094520569,
465,0.6820109486579895,
465,0.9651726484298706,
466,0.6851028203964233,
466,0.9749143123626709,
467,0.6579097509384155,
467,0.9918820858001709,
468,0.6646639704704285,
468,0.9983078241348267,
469,0.6611259579658508,
469,0.9827665090560913,
470,0.8050211668014526,
470,0.9586255550384521,
471,0.8043703436851501,
471,0.9661837220191956,
472,0.8109508156776428,
472,0.9689297080039978,
473,0.8135502934455872,
473,0.9577823281288147,
474,0.8038796186447144,
474,0.9487960934638977,
475,0.8096534013748169,
475,0.9448845982551575,
476,0.801289975643158,
476,0.940211832523346,
477,0.7956963777542114,
477,0.9671933650970459,
478,0.803107500076294,
478,0.97746741771698,
479,0.7653670310974121,
479,0.9787344932556152,
480,0.7966161966323853,
480,0.9582403302192688,
481,0.7685941457748413,
481,0.9595571160316467,
482,0.7525085806846619,
482,0.9593554735183716,
483,0.7484087347984314,
483,0.9845305681228638,
484,0.7683166861534119,
484,0.9895683526992798,
485,0.7510477304458618,
485,0.9939013719558716,
486,0.7673081159591675,
486,0.9353799819946289,
487,0.7950116991996765,
487,0.9452648758888245,
488,0.7745466828346252,
488,0.9195368885993958,
489,0.761077880859375,
489,0.9236933588981628,
490,0.7688974738121033,
490,0.9155870079994202,
491,0.7583166360855103,
491,0.9147211313247681,
492,0.7429401874542236,
492,0.9205357432365417,
493,0.7609631419181824,
493,0.8911030292510986,
494,0.775618851184845,
494,0.9042104482650757,
495,0.7997163534164429,
495,0.8483110666275024,
496,0.7476757168769836,
496,0.87688148021698,
497,0.773323655128479,
497,0.820161759853363,
498,0.8186326622962952,
498,0.8214437365531921,
499,0.8117597103118896,
499,0.8660259246826172,
500,0.8401238322257996,
500,0.8428655862808228,
501,0.7988105416297913,
501,0.7866964936256409,
502,0.8194983601570129,
502,0.7964624762535095,
503,0.8181396722793579,
503,0.7721856832504272,
504,0.8078994154930115,
504,0.7509357929229736,
505,0.8273306488990784,
505,0.8116790056228638,
506,0.8546773791313171,
506,0.8148919939994812,
507,0.8253243565559387,
507,0.782922625541687,
508,0.8403103351593018,
508,0.7704383730888367,
509,0.8533704876899719,
509,0.7681624889373779,
510,0.841218113899231,
510,0.7985936403274536,
511,0.8340898156166077,
511,0.7850696444511414,
512,0.850222647190094,
512,0.7394543290138245,
513,0.8363944888114929,
513,0.7418085932731628,
514,0.8360341191291809,
514,0.6765483617782593,
515,0.8274735808372498,
515,0.6791490316390991,
516,0.827466607093811,
516,0.6350476145744324,
517,0.8196408152580261,
517,0.6413793563842773,
518,0.8053972125053406,
518,0.6066536903381348,
519,0.8157299757003784,
519,0.6041545867919922,
520,0.8002350926399231,
520,0.6820366382598877,
521,0.7684944272041321,
521,0.7598785161972046,
522,0.7496858239173889,
522,0.7588179707527161,
523,0.735406756401062,
523,0.8134023547172546,
524,0.7306216359138489,
524,0.7584466934204102,
525,0.7262217998504639,
525,0.871880292892456,
526,0.7170530557632446,
526,0.9158738255500793,
527,0.7305653691291809,
527,0.9199609160423279,
528,0.7269046902656555,
528,0.9423182010650635,
529,0.707345187664032,
529,0.9464728236198425,
530,0.7450676560401917,
530,0.9432521462440491,
531,0.7413903474807739,
531,0.9622711539268494,
532,0.7363640069961548,
532,0.9808425903320312,
533,0.7435962557792664,
533,0.998900294303894,
534,0.7292525768280029,
534,0.9931415319442749,
535,0.7325776815414429,
535,0.9672703742980957,
536,0.7296834588050842,
536,0.9682160019874573,
537,0.7274525761604309,
537,0.9575539827346802,
538,0.7242217063903809,
538,0.9667291641235352,
539,0.7253593802452087,
539,0.9753121137619019,
540,0.7266963720321655,
540,0.9767847657203674,
541,0.7303933501243591,
541,0.9761145710945129,
542,0.7288210988044739,
542,0.9771262407302856,
543,0.715527355670929,
543,0.9683164358139038,
544,0.7207812666893005,
544,0.9714306592941284,
545,0.7222290635108948,
545,0.979947566986084,
546,0.7253053188323975,
546,0.975495457649231,
547,0.7299063205718994,
547,0.9665691256523132,
548,0.7194349765777588,
548,0.9856598377227783,
549,0.6846421957015991,
549,0.9745786190032959,
550,0.6828609704971313,
550,0.9758251309394836,
551,0.6820109486579895,
551,0.9651726484298706,
552,0.6812150478363037,
552,0.9757639169692993,
553,0.6851028203964233,
553,0.9749143123626709,
554,0.6851028203964233,
554,0.9749143123626709,
555,0.6820109486579895,
555,0.9651726484298706,
556,0.6832922697067261,
556,0.9758163094520569,
557,0.6888018250465393,
557,0.9704915881156921,
558,0.689603328704834,
558,0.985105037689209,
559,0.6989808082580566,
559,0.9694930911064148,
560,0.564636766910553,
560,0.5205798149108887,
561,0.5789810419082642,
561,0.5194591283798218,
562,0.5782122015953064,
562,0.5087321996688843,
563,0.5675004720687866,
563,0.5087218284606934,
564,0.5624122023582458,
564,0.5356326699256897,
565,0.5837652683258057,
565,0.5303234457969666,
566,0.5948823094367981,
566,0.5264612436294556,
567,0.5918543338775635,
567,0.51705002784729,
568,0.5989314913749695,
568,0.5165602564811707,
569,0.6309865713119507,
569,0.5142112970352173,
570,0.6322776675224304,
570,0.5202475190162659,
571,0.6635048389434814,
571,0.5151270031929016,
572,0.6636565327644348,
572,0.4981689155101776,
573,0.6958885192871094,
573,0.4942651689052582,
574,0.7052698731422424,
574,0.5096585750579834,
575,0.7179259657859802,
575,0.4905301630496979,
576,0.7456591129302979,
576,0.5050541162490845,
577,0.7402889132499695,
577,0.5249885320663452,
578,0.704819917678833,
578,0.5296345949172974,
579,0.7199555039405823,
579,0.5446000099182129,
580,0.7314878106117249,
580,0.537272036075592,
581,0.6277208924293518,
581,0.5047308206558228,
582,0.6574278473854065,
582,0.4837557375431061,
583,0.6892476677894592,
583,0.48321714997291565,
584,0.6831875443458557,
584,0.47737058997154236,
585,0.7020582556724548,
585,0.47155722975730896,
586,0.6673594117164612,
586,0.5364961624145508,
587,0.6337074041366577,
587,0.5342480540275574,
588,0.6008694767951965,
588,0.5400461554527283,
589,0.5867325067520142,
589,0.5414873361587524,
590,0.5674486756324768,
590,0.5485360622406006,
591,0.597626268863678,
591,0.5019406080245972,
592,0.5875986218452454,
592,0.5095903277397156,
593,0.5756268501281738,
593,0.49989816546440125,
594,0.568046510219574,
594,0.49834468960762024,
595,0.5651540160179138,
595,0.745036780834198,
596,0.575168788433075,
596,0.7453659176826477,
597,0.5706197023391724,
597,0.6805137395858765,
598,0.5818544626235962,
598,0.6823185086250305,
599,0.5784018039703369,
599,0.6384353041648865,
600,0.5887328386306763,
600,0.644347071647644,
601,0.5957056879997253,
601,0.6092903017997742,
602,0.5903910994529724,
602,0.6077318787574768,
603,0.6090140342712402,
603,0.684293270111084,
604,0.6427417993545532,
604,0.7603002786636353,
605,0.6614319682121277,
605,0.7587304711341858,
606,0.6804030537605286,
606,0.7578747272491455,
607,0.7064071297645569,
607,0.7594133019447327,
608,0.7064749002456665,
608,0.6971043348312378,
609,0.6732457280158997,
609,0.6921350955963135,
610,0.6777762174606323,
610,0.6194041967391968,
611,0.7037062644958496,
611,0.623548150062561,
612,0.6653597354888916,
612,0.6061772108078003,
613,0.688717246055603,
613,0.5869089961051941,
614,0.6654582023620605,
614,0.5682010054588318,
615,0.6513187289237976,
615,0.5940031409263611,
616,0.6331835389137268,
616,0.5851012468338013,
617,0.6282277703285217,
617,0.6039254665374756,
618,0.6243336200714111,
618,0.60149747133255,
619,0.6439364552497864,
619,0.6291385889053345,
620,0.6234660744667053,
620,0.6213854551315308,
621,0.6114841103553772,
621,0.64787757396698,
622,0.6337155103683472,
622,0.6811083555221558,
623,0.6587134003639221,
623,0.622313380241394,
624,0.6548362970352173,
624,0.686113178730011,
625,0.6005128622055054,
625,0.6467488408088684,
626,0.6065175533294678,
626,0.6360494494438171,
627,0.6075494289398193,
627,0.6239851117134094,
628,0.6141722798347473,
628,0.6123058199882507,
629,0.6085216403007507,
629,0.5987687706947327,
630,0.5988473892211914,
630,0.5964696407318115,
631,0.7071738839149475,
631,0.5572618842124939,
632,0.7199555039405823,
632,0.5446000099182129,
633,0.704819917678833,
633,0.5296345949172974,
634,0.6944624781608582,
634,0.5490432977676392,
635,0.6688402891159058,
635,0.5574814081192017,
636,0.6673594117164612,
636,0.5364961624145508,
637,0.6342246532440186,
637,0.547430694103241,
638,0.6337074041366577,
638,0.5342480540275574,
639,0.6008694767951965,
639,0.5400461554527283,
640,0.6074963808059692,
640,0.5591443777084351,
641,0.5867176055908203,
641,0.5604220628738403,
642,0.5867325067520142,
642,0.5414873361587524,
643,0.5802603960037231,
643,0.5638526678085327,
644,0.5674486756324768,
644,0.5485360622406006,
645,0.6892476677894592,
645,0.48321714997291565,
646,0.7020582556724548,
646,0.47155722975730896,
647,0.6911352276802063,
647,0.46428996324539185,
648,0.6831875443458557,
648,0.47737058997154236,
649,0.7063648104667664,
649,0.2535756826400757,
650,0.6888418197631836,
650,0.2535756826400757,
651,0.6888418197631836,
651,0.27559894323349,
652,0.7063648104667664,
652,0.27559894323349,
653,0.7063648104667664,
653,0.22933737933635712,
654,0.6888418197631836,
654,0.22933737933635712,
655,0.6888418197631836,
655,0.2044357806444168,
656,0.7063648104667664,
656,0.2044357806444168,
657,0.7226220965385437,
657,0.22933737933635712,
658,0.7226220965385437,
658,0.2044357806444168,
659,0.7226220965385437,
659,0.2535756826400757,
660,0.7063648104667664,
660,0.27559894323349,
661,0.7063648104667664,
661,0.1837732493877411,
662,0.7226220965385437,
662,0.1837732493877411,
663,0.7063648104667664,
663,0.16743256151676178,
664,0.7226220965385437,
664,0.16743256151676178,
665,0.6888418197631836,
665,0.1837732493877411,
666,0.6888418197631836,
666,0.16743256151676178,
667,0.7226220965385437,
667,0.22933737933635712,
668,0.7332968711853027,
668,0.22933737933635712,
669,0.7332968711853027,
669,0.2044357806444168,
670,0.7226220965385437,
670,0.2044357806444168,
671,0.7332968711853027,
671,0.1837732493877411,
672,0.7226220965385437,
672,0.1837732493877411,
673,0.7332968711853027,
673,0.16743256151676178,
674,0.7226220965385437,
674,0.16743256151676178,
675,0.7332968711853027,
675,0.2044357806444168,
676,0.7332968711853027,
676,0.22933737933635712,
677,0.7451570630073547,
677,0.22933737933635712,
678,0.7451570630073547,
678,0.2044357806444168,
679,0.7451570630073547,
679,0.1837732493877411,
680,0.7332968711853027,
680,0.1837732493877411,
681,0.7451570630073547,
681,0.16743256151676178,
682,0.7332968711853027,
682,0.16743256151676178,
683,0.7451570630073547,
683,0.2535756826400757,
684,0.7332968711853027,
684,0.2535756826400757,
685,0.7332968711853027,
685,0.27559894323349,
686,0.7451570630073547,
686,0.27559894323349,
687,0.7226220965385437,
687,0.27559894323349,
688,0.7332968711853027,
688,0.22933737933635712,
689,0.7451570630073547,
689,0.22933737933635712,
690,0.7226220965385437,
690,0.27559894323349,
691,0.7332968711853027,
691,0.2535756826400757,
692,0.7226220965385437,
692,0.2535756826400757,
693,0.7063648104667664,
693,0.27559894323349,
694,0.7332968711853027,
694,0.22933737933635712,
695,0.7226220965385437,
695,0.22933737933635712,
696,0.7510477304458618,
696,0.9939013719558716,
697,0.7484087347984314,
697,0.9845305681228638,
698,0.7435962557792664,
698,0.998900294303894,
699,0.017643611878156662,
699,0.8554974794387817,
700,0.01521066389977932,
700,0.8228099346160889,
701,0.006244397722184658,
701,0.8376024961471558,
702,0.017643611878156662,
702,0.8554974794387817,
703,0.037653252482414246,
703,0.8353335857391357,
704,0.01521066389977932,
704,0.8228099346160889,
705,0.7720930576324463,
705,0.47524338960647583,
706,0.774989128112793,
706,0.488271027803421,
707,0.7625864148139954,
707,0.5019917488098145,
708,0.7591579556465149,
708,0.48338326811790466,
709,0.7642646431922913,
709,0.4535060524940491,
710,0.7561348676681519,
710,0.4627659022808075,
711,0.7552698850631714,
711,0.4552784562110901,
712,0.7513138651847839,
712,0.4130302667617798,
713,0.7616254091262817,
713,0.407233327627182,
714,0.7557663321495056,
714,0.39649003744125366,
715,0.7470194697380066,
715,0.40181246399879456,
716,0.7445799708366394,
716,0.3916146457195282,
717,0.7377857565879822,
717,0.36937040090560913,
718,0.75874263048172,
718,0.36104369163513184,
719,0.7306455969810486,
719,0.3346134424209595,
720,0.7540333271026611,
720,0.31528186798095703,
721,0.7792765498161316,
721,0.3652232587337494,
722,0.7837033867835999,
722,0.32007458806037903,
723,0.7737360000610352,
723,0.3996223509311676,
724,0.7625864148139954,
724,0.5019917488098145,
725,0.7424494624137878,
725,0.4946165382862091,
726,0.7463832497596741,
726,0.4789164960384369,
727,0.7591579556465149,
727,0.48338326811790466,
728,0.7561348676681519,
728,0.4627659022808075,
729,0.7438538074493408,
729,0.4568275213241577,
730,0.7552698850631714,
730,0.4552784562110901,
731,0.7352255582809448,
731,0.412528395652771,
732,0.7513138651847839,
732,0.4130302667617798,
733,0.7404743432998657,
733,0.4022071957588196,
734,0.7470194697380066,
734,0.40181246399879456,
735,0.018895357847213745,
735,0.8939999341964722,
736,0.0442778617143631,
736,0.8940306901931763,
737,0.030787020921707153,
737,0.9135009050369263,
738,0.0072976648807525635,
738,0.9133418798446655,
739,0.7404743432998657,
739,0.4022071957588196,
740,0.7445799708366394,
740,0.3916146457195282,
741,0.7470194697380066,
741,0.40181246399879456,
742,0.7360209822654724,
742,0.401314914226532,
743,0.7377857565879822,
743,0.36937040090560913,
744,0.7165881395339966,
744,0.3738902509212494,
745,0.7306455969810486,
745,0.3346134424209595,
746,0.7052133083343506,
746,0.3500533699989319,
747,0.7438538074493408,
747,0.4568275213241577,
748,0.7323353290557861,
748,0.4593253433704376,
749,0.720587432384491,
749,0.41053956747055054,
750,0.7352255582809448,
750,0.412528395652771,
751,0.7463832497596741,
751,0.4789164960384369,
752,0.7314528226852417,
752,0.47467461228370667,
753,0.7424494624137878,
753,0.4946165382862091,
754,0.7251315116882324,
754,0.4838463068008423,
755,0.7360209822654724,
755,0.401314914226532,
756,0.6974074244499207,
756,0.3835432529449463,
757,0.7165881395339966,
757,0.3738902509212494,
758,0.7404743432998657,
758,0.4022071957588196,
759,0.7052133083343506,
759,0.3500533699989319,
760,0.6850738525390625,
760,0.34858033061027527,
761,0.6620607376098633,
761,0.3553619086742401,
762,0.7720930576324463,
762,0.47524338960647583,
763,0.7849789261817932,
763,0.4648113250732422,
764,0.7918681502342224,
764,0.47325560450553894,
765,0.774989128112793,
765,0.488271027803421,
766,0.7642646431922913,
766,0.4535060524940491,
767,0.7785354852676392,
767,0.45059362053871155,
768,0.7737360000610352,
768,0.3996223509311676,
769,0.7616254091262817,
769,0.407233327627182,
770,0.7557663321495056,
770,0.39649003744125366,
771,0.7253593802452087,
771,0.9753121137619019,
772,0.7299063205718994,
772,0.9665691256523132,
773,0.7266963720321655,
773,0.9767847657203674,
774,0.7288210988044739,
774,0.9771262407302856,
775,0.7271905541419983,
775,0.9761559963226318,
776,0.7288210988044739,
776,0.9771262407302856,
777,0.7299063205718994,
777,0.9665691256523132,
778,0.7222290635108948,
778,0.979947566986084,
779,0.7288210988044739,
779,0.9771262407302856,
780,0.7222290635108948,
780,0.979947566986084,
781,0.7303933501243591,
781,0.9761145710945129,
782,0.7253053188323975,
782,0.975495457649231,
783,0.7271905541419983,
783,0.9761559963226318,
784,0.7299063205718994,
784,0.9665691256523132,
785,0.7207812666893005,
785,0.9714306592941284,
786,0.7222290635108948,
786,0.979947566986084,
787,0.18397733569145203,
787,0.3726173937320709,
788,0.18071681261062622,
788,0.361911803483963,
789,0.1693231463432312,
789,0.36288249492645264,
790,0.168630450963974,
790,0.3729482591152191,
791,0.1867041289806366,
791,0.3856419324874878,
792,0.1635204553604126,
792,0.38246721029281616,
793,0.15475994348526,
793,0.3782675862312317,
794,0.15554013848304749,
794,0.37180641293525696,
795,0.14923232793807983,
795,0.3712844252586365,
796,0.11645397543907166,
796,0.36903348565101624,
797,0.11853854358196259,
797,0.3742905855178833,
798,0.09021875262260437,
798,0.38710176944732666,
799,0.07958614081144333,
799,0.37861040234565735,
800,0.05013646185398102,
800,0.39141374826431274,
801,0.05542883276939392,
801,0.4081335961818695,
802,0.026782073080539703,
802,0.39879080653190613,
803,0.02025538682937622,
803,0.430012971162796,
804,0.11619903147220612,
804,0.3601604402065277,
805,0.07610677927732468,
805,0.3675633370876312,
806,0.04880829155445099,
806,0.37789344787597656,
807,0.05061498284339905,
807,0.36685073375701904,
808,0.030696718022227287,
808,0.37955644726753235,
809,0.15971127152442932,
809,0.3651326596736908,
810,0.15017560124397278,
810,0.3597671389579773,
811,0.17141816020011902,
811,0.3537840247154236,
812,0.1794120967388153,
812,0.3525928556919098,
813,0.7636862397193909,
813,0.6282745599746704,
814,0.7839601635932922,
814,0.6197413206100464,
815,0.7787703275680542,
815,0.6024609208106995,
816,0.7967096567153931,
816,0.645743191242218,
817,0.7752895951271057,
817,0.6799214482307434,
818,0.7554225921630859,
818,0.5932571887969971,
819,0.7734515070915222,
819,0.5838784575462341,
820,0.7827442288398743,
820,0.5998407602310181,
821,0.7417050004005432,
821,0.5698780417442322,
822,0.7486725449562073,
822,0.6219087243080139,
823,0.7415837049484253,
823,0.6058699488639832,
824,0.7178084850311279,
824,0.5866566896438599,
825,0.7294918298721313,
825,0.6195967197418213,
826,0.735923707485199,
826,0.6923145055770874,
827,0.7542290687561035,
827,0.6857216954231262,
828,0.8078014254570007,
828,0.6442267298698425,
829,0.801530659198761,
829,0.6337773203849792,
830,0.8001508116722107,
830,0.6216782927513123,
831,0.7931374907493591,
831,0.6099058985710144,
832,0.7986182570457458,
832,0.5958873629570007,
833,0.8089448809623718,
833,0.5909699201583862,
834,0.00712795602157712,
834,0.33802667260169983,
835,0.04276458919048309,
835,0.3287380635738373,
836,0.0015143216587603092,
836,0.3220115900039673,
837,0.04313936084508896,
837,0.34640124440193176,
838,0.025791741907596588,
838,0.3564791977405548,
839,0.015218973159790039,
839,0.34878575801849365,
840,0.0821801945567131,
840,0.3358601927757263,
841,0.07854747772216797,
841,0.35129597783088684,
842,0.1138351559638977,
842,0.3487807512283325,
843,0.11326873302459717,
843,0.337375283241272,
844,0.14836513996124268,
844,0.343749463558197,
845,0.14924591779708862,
845,0.3328736126422882,
846,0.16025277972221375,
846,0.33922943472862244,
847,0.15786120295524597,
847,0.3298547863960266,
848,0.17987513542175293,
848,0.3232755959033966,
849,0.18164294958114624,
849,0.33547472953796387,
850,0.03449760377407074,
850,0.36914560198783875,
851,0.05061498284339905,
851,0.36685073375701904,
852,0.04313936084508896,
852,0.34640124440193176,
853,0.025791741907596588,
853,0.3564791977405548,
854,0.07610677927732468,
854,0.3675633370876312,
855,0.07854747772216797,
855,0.35129597783088684,
856,0.11619903147220612,
856,0.3601604402065277,
857,0.1138351559638977,
857,0.3487807512283325,
858,0.14836513996124268,
858,0.343749463558197,
859,0.15017560124397278,
859,0.3597671389579773,
860,0.17141816020011902,
860,0.3537840247154236,
861,0.16025277972221375,
861,0.33922943472862244,
862,0.1794120967388153,
862,0.3525928556919098,
863,0.18164294958114624,
863,0.33547472953796387,
864,0.04880829155445099,
864,0.37789344787597656,
865,0.05061498284339905,
865,0.36685073375701904,
866,0.03449760377407074,
866,0.36914560198783875,
867,0.030696718022227287,
867,0.37955644726753235,
868,0.715527355670929,
868,0.9683164358139038,
869,0.7194349765777588,
869,0.9856598377227783,
870,0.7222290635108948,
870,0.979947566986084,
871,0.7207812666893005,
871,0.9714306592941284,
872,0.0689220130443573,
872,0.8730261325836182,
873,0.14784005284309387,
873,0.8852475881576538,
874,0.07017867267131805,
874,0.9928866624832153,
875,0.09106358885765076,
875,0.7994096279144287,
876,0.03516373038291931,
876,0.7596909999847412,
877,0.013501433655619621,
877,0.6663756966590881,
878,0.09898103773593903,
878,0.6998752355575562,
879,0.19179140031337738,
879,0.7617218494415283,
880,0.009754171594977379,
880,0.611486554145813,
881,0.1097661554813385,
881,0.5488002300262451,
882,0.03518131747841835,
882,0.5581023097038269,
883,0.17987054586410522,
883,0.6209085583686829,
884,0.19651897251605988,
884,0.4957205057144165,
885,0.0953969806432724,
885,0.42235124111175537,
886,0.1758698970079422,
886,0.40345707535743713,
887,0.030586333945393562,
887,0.43180006742477417,
888,0.043876372277736664,
888,0.49442875385284424,
889,0.7562820911407471,
889,0.1894756704568863,
890,0.7465874552726746,
890,0.15404750406742096,
891,0.780454695224762,
891,0.13459035754203796,
892,0.8002719283103943,
892,0.19997180998325348,
893,0.7267398238182068,
893,0.11550689488649368,
894,0.7693403363227844,
894,0.08699506521224976,
895,0.747928261756897,
895,0.04540053382515907,
896,0.7049307823181152,
896,0.08186811953783035,
897,0.7237275838851929,
897,0.0014912793412804604,
898,0.6874322891235352,
898,0.037027906626462936,
899,0.755566418170929,
899,0.26058709621429443,
900,0.7886388897895813,
900,0.26610270142555237,
901,0.7578638195991516,
901,0.3026525676250458,
902,0.7423186302185059,
902,0.29196983575820923,
903,0.7320238351821899,
903,0.3101035952568054,
904,0.7365555167198181,
904,0.3192635476589203,
905,0.9448930621147156,
905,0.9321553707122803,
906,0.9613322019577026,
906,0.9140022397041321,
907,0.9593753814697266,
907,0.8642855286598206,
908,0.9349919557571411,
908,0.8607293367385864,
909,0.9429786205291748,
909,0.7673846483230591,
910,0.9732978940010071,
910,0.7674002647399902,
911,0.9714191555976868,
911,0.6838769912719727,
912,0.933622419834137,
912,0.6819822788238525,
913,0.9060301184654236,
913,0.6267061829566956,
914,0.9538267254829407,
914,0.642882764339447,
915,0.9261972904205322,
915,0.6168012619018555,
916,0.8691055774688721,
916,0.5966193079948425,
917,0.9448930621147156,
917,0.9321553707122803,
918,0.9893291592597961,
918,0.9419410228729248,
919,0.998124361038208,
919,0.9247727990150452,
920,0.9613322019577026,
920,0.9140022397041321,
921,0.9157553911209106,
921,0.940173327922821,
922,0.9037014245986938,
922,0.8714866638183594,
923,0.8627089262008667,
923,0.8917022347450256,
924,0.888076663017273,
924,0.9718843698501587,
925,0.9314337372779846,
925,0.9907721877098083,
926,0.9339231252670288,
926,0.9631295204162598,
927,0.9850139021873474,
927,0.9671461582183838,
928,0.9448930621147156,
928,0.9321553707122803,
929,0.9893291592597961,
929,0.9419410228729248,
930,0.9349919557571411,
930,0.8607293367385864,
931,0.9096016883850098,
931,0.776980996131897,
932,0.8679615259170532,
932,0.7634963393211365,
933,0.9429786205291748,
933,0.7673846483230591,
934,0.933622419834137,
934,0.6819822788238525,
935,0.9109927415847778,
935,0.683340311050415,
936,0.865044116973877,
936,0.6880747079849243,
937,0.8691055774688721,
937,0.5966193079948425,
938,0.9060301184654236,
938,0.6267061829566956,
939,0.6927661895751953,
939,0.3939231336116791,
940,0.6828792691230774,
940,0.4200015962123871,
941,0.7050286531448364,
941,0.42419323325157166,
942,0.7137834429740906,
942,0.46009188890457153,
943,0.6847498416900635,
943,0.44589945673942566,
944,0.6554102301597595,
944,0.4619626998901367,
945,0.6594715118408203,
945,0.4151221811771393,
946,0.6296432614326477,
946,0.4453916847705841,
947,0.6347095966339111,
947,0.47533243894577026,
948,0.673271894454956,
948,0.39070940017700195,
949,0.6001875400543213,
949,0.4767739176750183,
950,0.6111673712730408,
950,0.4875718951225281,
951,0.6296432614326477,
951,0.4453916847705841,
952,0.6594715118408203,
952,0.4151221811771393,
953,0.6407135725021362,
953,0.4009883999824524,
954,0.6176873445510864,
954,0.43060144782066345,
955,0.673271894454956,
955,0.39070940017700195,
956,0.6573901176452637,
956,0.378863662481308,
957,0.5933128595352173,
957,0.4639929533004761,
958,0.6001875400543213,
958,0.4767739176750183,
959,0.5795304775238037,
959,0.4840508699417114,
960,0.6006735563278198,
960,0.42206045985221863,
961,0.6231228709220886,
961,0.3848950266838074,
962,0.6424005627632141,
962,0.3652753531932831,
963,0.5799114108085632,
963,0.46061962842941284,
964,0.559307336807251,
964,0.3329504132270813,
965,0.5689029097557068,
965,0.3638679087162018,
966,0.5774362683296204,
966,0.36529144644737244,
967,0.5635239481925964,
967,0.32716482877731323,
968,0.5717152953147888,
968,0.3307921588420868,
969,0.5868205428123474,
969,0.3623240292072296,
970,0.5690642595291138,
970,0.39734700322151184,
971,0.574378252029419,
971,0.3977746367454529,
972,0.5774362683296204,
972,0.36529144644737244,
973,0.5689029097557068,
973,0.3638679087162018,
974,0.5607110857963562,
974,0.4226551353931427,
975,0.5657863616943359,
975,0.4242001473903656,
976,0.5620303750038147,
976,0.45155593752861023,
977,0.5569720268249512,
977,0.4516185224056244,
978,0.5797738432884216,
978,0.3986087441444397,
979,0.5868205428123474,
979,0.3623240292072296,
980,0.5716128945350647,
980,0.42444807291030884,
981,0.5670888423919678,
981,0.4527294933795929,
982,0.6554340124130249,
982,0.3287869095802307,
983,0.6461457014083862,
983,0.33804914355278015,
984,0.6577836275100708,
984,0.35358303785324097,
985,0.6710754036903381,
985,0.3400489091873169,
986,0.6353777647018433,
986,0.3462550938129425,
987,0.6424005627632141,
987,0.3652753531932831,
988,0.6353777647018433,
988,0.3462550938129425,
989,0.6060529351234436,
989,0.3380484879016876,
990,0.612737774848938,
990,0.3611661195755005,
991,0.5717152953147888,
991,0.3307921588420868,
992,0.5868205428123474,
992,0.3623240292072296,
993,0.5797738432884216,
993,0.3986087441444397,
994,0.6231228709220886,
994,0.3848950266838074,
995,0.6006735563278198,
995,0.42206045985221863,
996,0.5716128945350647,
996,0.42444807291030884,
997,0.6424005627632141,
997,0.3652753531932831,
998,0.5799114108085632,
998,0.46061962842941284,
999,0.5670888423919678,
999,0.4527294933795929,
1000,0.04953274130821228,
1000,0.8639723062515259,
1001,0.032593339681625366,
1001,0.8602117300033569,
1002,0.02677956223487854,
1002,0.8849924802780151,
1003,0.05505755543708801,
1003,0.8844810724258423,
1004,0.0689220130443573,
1004,0.8730261325836182,
1005,0.07017867267131805,
1005,0.9928866624832153,
1006,0.14784005284309387,
1006,0.8852475881576538,
1007,0.09106358885765076,
1007,0.7994096279144287,
1008,0.03516373038291931,
1008,0.7596909999847412,
1009,0.013501433655619621,
1009,0.6663756966590881,
1010,0.09898103773593903,
1010,0.6998752355575562,
1011,0.19179140031337738,
1011,0.7617218494415283,
1012,0.009754171594977379,
1012,0.611486554145813,
1013,0.1097661554813385,
1013,0.5488002300262451,
1014,0.03518131747841835,
1014,0.5581023097038269,
1015,0.17987054586410522,
1015,0.6209085583686829,
1016,0.19651897251605988,
1016,0.4957205057144165,
1017,0.0953969806432724,
1017,0.42235124111175537,
1018,0.1758698970079422,
1018,0.40345707535743713,
1019,0.030586333945393562,
1019,0.43180006742477417,
1020,0.043876372277736664,
1020,0.49442875385284424,
1021,0.7562820911407471,
1021,0.1894756704568863,
1022,0.8002719283103943,
1022,0.19997180998325348,
1023,0.780454695224762,
1023,0.13459035754203796,
1024,0.7465874552726746,
1024,0.15404750406742096,
1025,0.7267398238182068,
1025,0.11550689488649368,
1026,0.7693403363227844,
1026,0.08699506521224976,
1027,0.747928261756897,
1027,0.04540053382515907,
1028,0.7049307823181152,
1028,0.08186811953783035,
1029,0.7237275838851929,
1029,0.0014912793412804604,
1030,0.6874322891235352,
1030,0.037027906626462936,
1031,0.755566418170929,
1031,0.26058709621429443,
1032,0.7886388897895813,
1032,0.26610270142555237,
1033,0.7578638195991516,
1033,0.3026525676250458,
1034,0.7423186302185059,
1034,0.29196983575820923,
1035,0.7320238351821899,
1035,0.3101035952568054,
1036,0.7365555167198181,
1036,0.3192635476589203,
1037,0.0689220130443573,
1037,0.8730261325836182,
1038,0.07017867267131805,
1038,0.9928866624832153,
1039,0.14784005284309387,
1039,0.8852475881576538,
1040,0.09106358885765076,
1040,0.7994096279144287,
1041,0.03516373038291931,
1041,0.7596909999847412,
1042,0.013501433655619621,
1042,0.6663756966590881,
1043,0.09898103773593903,
1043,0.6998752355575562,
1044,0.19179140031337738,
1044,0.7617218494415283,
1045,0.009754171594977379,
1045,0.611486554145813,
1046,0.1097661554813385,
1046,0.5488002300262451,
1047,0.03518131747841835,
1047,0.5581023097038269,
1048,0.17987054586410522,
1048,0.6209085583686829,
1049,0.19651897251605988,
1049,0.4957205057144165,
1050,0.0953969806432724,
1050,0.42235124111175537,
1051,0.1758698970079422,
1051,0.40345707535743713,
1052,0.030586333945393562,
1052,0.43180006742477417,
1053,0.043876372277736664,
1053,0.49442875385284424,
1054,0.0689220130443573,
1054,0.8730261325836182,
1055,0.14784005284309387,
1055,0.8852475881576538,
1056,0.07017867267131805,
1056,0.9928866624832153,
1057,0.09106358885765076,
1057,0.7994096279144287,
1058,0.03516373038291931,
1058,0.7596909999847412,
1059,0.013501433655619621,
1059,0.6663756966590881,
1060,0.09898103773593903,
1060,0.6998752355575562,
1061,0.19179140031337738,
1061,0.7617218494415283,
1062,0.009754171594977379,
1062,0.611486554145813,
1063,0.1097661554813385,
1063,0.5488002300262451,
1064,0.03518131747841835,
1064,0.5581023097038269,
1065,0.17987054586410522,
1065,0.6209085583686829,
1066,0.19651897251605988,
1066,0.4957205057144165,
1067,0.0953969806432724,
1067,0.42235124111175537,
1068,0.1758698970079422,
1068,0.40345707535743713,
1069,0.030586333945393562,
1069,0.43180006742477417,
1070,0.043876372277736664,
1070,0.49442875385284424,
1071,0,
1071,-0.007826805114746094,
1072,0.0018174647120758891,
1072,0,
1073,1.9162373542785645,
1073,0.007829010486602783,
1074,6.874954827651436e-09,
1074,3.046902194523554e-14,
1075,0,
1075,0.007857322692871094,
1076,2.152394441202919e-41,
1076,0,
1077,18595.310546875,
1077,0.007829010486602783,
1078,3.60946523869643e-06,
1078,2.1183225955223123e-16,
1079,0,
1079,-0.007826805114746094,
1080,2.152394441202919e-41,
1080,0,
1081,15057.86328125,
1081,0.007829009555280209,
1082,0.00021669566922355443,
1082,0.0038174199871718884,
1083,0,
1083,-0.007826805114746094,
1084,1.9454922089013997e-14,
1084,0,
1085,-6.545956982622199e-39,
1085,0.007829439826309681,
1086,2.9319278982164706e-22,
1086,0.0040032146498560905,
1087,0.0001694935781415552,
1087,0.0078125,
1088,0.0005921299452893436,
1088,0,
1089,0.887803316116333,
1089,0.007829439826309681,
1090,5.604095710487559e-17,
1090,0.004826889373362064,
1091,0,
1091,0.007857322692871094,
1092,-0.00085533905075863,
1092,0,
1093,4.664926528930664,
1093,0.007829439826309681,
1094,7.049656858271192e-09,
1094,3.891336382366717e-05,
1095,0,
1095,0.007857322692871094,
1096,2.152394441202919e-41,
1096,0,
1097,1.9162373542785645,
1097,0.007829010486602783,
1098,0.00020716103608720005,
1098,2.0210434714673653e-10,
1099,1.0720260738687239e-21,
1099,-0.007826805114746094,
1100,0.0078125,
1100,0,
1101,18595.7265625,
1101,0.007829439826309681,
1102,3.594544978113845e-06,
1102,2.1183225955223123e-16,
1103,0,
1103,-0.007826805114746094,
1104,2.152394441202919e-41,
1104,0,
1105,13905.7744140625,
1105,0.007829766720533371,
1106,0.00019285381131339818,
1106,0.003618922783061862,
1107,1.1794729174221985e-41,
1107,-0.007826805114746094,
1108,1.9787988996401544e-14,
1108,5.770967465628894e-41,
1109,9.359251271234825e-05,
1109,0.007829766720533371,
1110,2.9013373037400925e-08,
1110,0.004307548049837351,
1111,0.0001694935781415552,
1111,-0.0078125,
1112,2.152394441202919e-41,
1112,5.914600558222188e-41,
1113,0.887803316116333,
1113,0.007829439826309681,
1114,6.875028102371061e-09,
1114,1.442088892744664e-09,
1115,1.697410128912968e-25,
1115,-0.007826805114746094,
1116,0.0019090125570073724,
1116,5.6273343730356e-41,
1117,3.4574759006500244,
1117,0.007829766720533371,
1118,7.049656858271192e-09,
1118,3.891336382366717e-05,
1119,1.179332787575766e-41,
1119,-0.007826805114746094,
1120,2.152394441202919e-41,
1120,5.771948374553922e-41,
1121,18595.7265625,
1121,0.007859601639211178,
1122,3.6094461393076926e-06,
1122,2.1182646267049846e-16,
1123,0,
1123,-0.007826805114746094,
1124,2.152394441202919e-41,
1124,0,
1125,13969.76953125,
1125,0.00785911362618208,
1126,0.00019285381131339818,
1126,0.003619453404098749,
1127,0,
1127,-0.007826805114746094,
1128,2.152394441202919e-41,
1128,0,
1129,2900.4423828125,
1129,0.007860184647142887,
1130,2.5637325151706136e-08,
1130,1.0579381202460367e-13,
1131,-3.7804738933087593e-25,
1131,0.007857322692871094,
1132,0.0078125,
1132,0,
1133,18595.72265625,
1133,0.00786032248288393,
1134,1.655711123760284e-08,
1134,4.242322797016605e-22,
1135,1.179332787575766e-41,
1135,-0.007826805114746094,
1136,-0.006658804602921009,
1136,0,
1137,13969.76953125,
1137,0.007860032841563225,
1138,0.00019285381131339818,
1138,0.0036195118445903063,
1139,0,
1139,-0.007826805114746094,
1140,2.152394441202919e-41,
1140,0,
1141,4052.4423828125,
1141,0.007860032841563225,
1142,0.00020715876598842442,
1142,2.0302286241058454e-10,
1143,0,
1143,-0.007826805114746094,
1144,0.0078125,
1144,0,
1145,15057.86328125,
1145,0.007859601639211178,
1146,6.816830211420211e-09,
1146,1.558733976416097e-20,
1147,0,
1147,-0.007826805114746094,
1148,-0.006780839525163174,
1148,0,
1149,-1.4031691977746907e-39,
1149,0.007859602570533752,
1150,2.7499219101638787e-22,
1150,0.0040040649473667145,
1151,0,
1151,-0.007826805114746094,
1152,0.0005730568082071841,
1152,0,
1153,9.359247633256018e-05,
1153,0.007859601639211178,
1154,9.637444259163883e-17,
1154,0.004797493107616901,
1155,0,
1155,-0.007826805114746094,
1156,-0.0008591536898165941,
1156,0,
1157,1.9162373542785645,
1157,0.00785983819514513,
1158,6.845929156895636e-09,
1158,2.495984411154259e-17,
1159,0,
1159,-0.007826805114746094,
1160,0.0018174647120758891,
1160,0,
1161,3.457474708557129,
1161,0.007860206067562103,
1162,7.049731465258446e-09,
1162,1.1421815493406484e-08,
1163,0,
1163,0.007857322692871094,
1164,-0.0008934852667152882,
1164,0,
1165,0.887803316116333,
1165,0.00786032248288393,
1166,5.594413376996954e-09,
1166,4.5678410742766573e-07,
1167,0,
1167,0.007857322692871094,
1168,0.0005730568082071841,
1168,0,
1169,2.070135565190867e-07,
1169,0.00786032248288393,
1170,5.447558727879044e-17,
1170,3.4502366474953305e-07,
1171,0,
1171,0.007857322692871094,
1172,-5.793583814560364e-24,
1172,2.152394441202919e-41,
1173,1546.2012939453125,
1173,0.007860217243432999,
1174,2.7500020038928596e-08,
1174,1.4280740652516943e-11,
1175,6.74416924910248e-41,
1175,-0.0078125,
1176,-5.997717380523682e-07,
1176,2.137260417788211e-41,
1177,4052.4423828125,
1177,0.007860032841563225,
1178,2.0000841232103994e-06,
1178,1.4223991776085576e-11,
1179,2.152394441202919e-41,
1179,-0.0078125,
1180,-0.006866455078125,
1180,6.367780481584834e-41,
1181,1546.22119140625,
1181,0.00785981398075819,
1182,6.304046564764576e-07,
1182,2.2514391965485847e-15,
1183,2.152394441202919e-41,
1183,-0.0078125,
1184,-6.168994353115365e-34,
1184,2.152394441202919e-41,
1185,9.359247633256018e-05,
1185,0.007860218174755573,
1186,3.4666094439472772e-09,
1186,3.9160504700097576e-11,
1187,2.152394441202919e-41,
1187,-0.0078125,
1188,-2.261821987449685e-26,
1188,6.74416924910248e-41,
1189,2.070135565190867e-07,
1189,0.007859812118113041,
1190,1.2587978420179072e-21,
1190,5.174265638174802e-08,
1191,0,
1191,-0.007826805114746094,
1192,0.0078125,
1192,0,
1193,0.0003819945559371263,
1193,0.007860218174755573,
1194,0.0002521974383853376,
1194,0.0070559303276240826,
1195,0,
1195,-0.007826805114746094,
1196,2.152394441202919e-41,
1196,0,
1197,2.7927939299843274e-05,
1197,0.007859813049435616,
1198,0.00025219310191459954,
1198,1.1585714609907427e-09,
1199,0,
1199,0.007857322692871094,
1200,0.0078125,
1200,0,
1201,1.6230887922574766e-07,
1201,0.007859813049435616,
1202,0.00022432608238887042,
1202,0.00730010075494647,
1203,1.3234889800848443e-23,
1203,0.007857322692871094,
1204,0.0078125,
1204,0,
1205,1.5299676192626066e-07,
1205,0.007860032841563225,
1206,0.00031704510911367834,
1206,0.007330518215894699,
1207,0,
1207,-0.007826805114746094,
1208,2.152394441202919e-41,
1208,0,
1209,1.5299676192626066e-07,
1209,0.007860032841563225,
1210,0.00022432500554714352,
1210,9.28469034988666e-07,
1211,2.0590679634788862e-41,
1211,0.0078568235039711,
1212,0.0078125,
1212,0,
1213,2.5980494022369385,
1213,0.007859813049435616,
1214,6.304046564764576e-07,
1214,2.2514391965485847e-15,
1215,2.152394441202919e-41,
1215,-0.007820338010787964,
1216,1.0358398248289048e-41,
1216,6.74416924910248e-41,
1217,1.9162373542785645,
1217,0.007860206067562103,
1218,1.3866453763000663e-08,
1218,5.098389072033527e-11,
1219,2.152394441202919e-41,
1219,0.007849901914596558,
1220,2.152394441202919e-41,
1220,0,
1221,1.9162373542785645,
1221,0.00786032248288393,
1222,1.702277074855374e-08,
1222,3.0470082430485504e-14,
1223,0,
1223,-0.007857322692871094,
1224,-0.00010638844833010808,
1224,6.684754194215107e-41,
1225,1.9162122011184692,
1225,0.007859839126467705,
1226,6.845915390130131e-09,
1226,4.5223650602110865e-08,
1227,-9.377189580362167e-27,
1227,-0.007850651629269123,
1228,0.00034928973764181137,
1228,6.657989393546503e-41,
1229,2.5980494022369385,
1229,0.007859813049435616,
1230,3.4811475924101387e-09,
1230,1.4280756265028227e-11,
1231,2.152394441202919e-41,
1231,0.007850083522498608,
1232,0.00029206927865743637,
1232,2.0704184810399172e-41,
1233,3.4574244022369385,
1233,0.007860205136239529,
1234,1.644091263131031e-08,
1234,5.098389072033527e-11,
1235,6.654486147385691e-41,
1235,0.007856800220906734,
1236,1.014645309164639e-15,
1236,6.654486147385691e-41,
1237,2.070135565190867e-07,
1237,0.00786032248288393,
1238,2.44421784145743e-07,
1238,2.0551058632634067e-09,
1239,6.647339525217635e-41,
1239,0.007856843993067741,
1240,2.0789664016722986e-41,
1240,6.648880953528392e-41,
1241,18595.72265625,
1241,0.00786032248288393,
1242,6.816830211420211e-09,
1242,1.5587136200182098e-20,
1243,6.651683550457042e-41,
1243,0.007856817916035652,
1244,-0.005773776676505804,
1244,6.367219962199104e-41,
1245,15057.6533203125,
1245,0.007860429584980011,
1246,0.0072395820170640945,
1246,2.021142420094435e-10,
1247,0.0078125,
1247,0.0078125,
1248,-0.00023672095267102122,
1248,6.597453299887671e-41,
1249,0.88779616355896,
1249,0.00786038488149643,
1250,6.875028102371061e-09,
1250,9.792029409538827e-09,
1251,1.1640246880065653e-17,
1251,0.00785679742693901,
1252,0.000695100286975503,
1252,6.559758371197334e-41,
1253,1.9162373542785645,
1253,0.00786032248288393,
1254,6.875028102371061e-09,
1254,9.792029409538827e-09,
1255,2.0603291320967785e-41,
1255,-0.007826297543942928,
1256,0.0078125,
1256,0,
1257,2132.4775390625,
1257,0.007859116420149803,
1258,0.0037114231381565332,
1258,2.1134312078174844e-09,
1259,-3.0969301203224086e-15,
1259,-0.007826803252100945,
1260,0.0001384937932016328,
1260,2.0122645947704373e-41,
1261,1698.22119140625,
1261,0.00785866379737854,
1262,0.0032078970689326525,
1262,3.6268292813446124e-09,
1263,-7.664120494155213e-05,
1263,-0.007824030704796314,
1264,1.7088834772441144e-41,
1264,2.1502924935064318e-41,
1265,2034.23779296875,
1265,0.0078592449426651,
1266,0.003711418015882373,
1266,2.410813613096252e-05,
1267,2.360324380390466e-09,
1267,-0.00782672967761755,
1268,3.4008326110779308e-06,
1268,6.615530050077461e-41,
1269,1698.22119140625,
1269,0.007859399542212486,
1270,0.003238377394154668,
1270,2.5300161723862402e-05,
1271,9.023091843118891e-05,
1271,-0.007824016734957695,
1272,1.7196734754194155e-41,
1272,6.74192717155956e-41,
1273,2132.4775390625,
1273,0.007854406721889973,
1274,0.0037114231381565332,
1274,3.6239944378735345e-10,
1275,-1.1530459591758494e-19,
1275,-0.007826805114746094,
1276,0.0001384937932016328,
1276,2.0122645947704373e-41,
1277,1698.22119140625,
1277,0.007826476357877254,
1278,0.003207897301763296,
1278,7.393505252473176e-10,
1279,-7.044239464448765e-05,
1279,-0.007824037224054337,
1280,1.7088834772441144e-41,
1280,2.1502924935064318e-41,
1281,2034.23779296875,
1281,0.007856075651943684,
1282,0.003711418015882373,
1282,4.745537353301188e-06,
1283,3.5681129162412617e-09,
1283,-0.007826731540262699,
1284,3.430635388212977e-06,
1284,6.614969530691731e-41,
1285,1698.22119140625,
1285,0.007857389748096466,
1286,0.003238377394154668,
1286,5.073346073913854e-06,
1287,0.00010358220606576651,
1287,-0.007824011147022247,
1288,1.7196734754194155e-41,
1288,6.74192717155956e-41,
1289,2132.4775390625,
1289,0.007828453555703163,
1290,0.0037114231381565332,
1290,2.0598383798642317e-06,
1291,-1.2970441451484947e-19,
1291,-0.007826805114746094,
1292,0.00013658643001690507,
1292,2.0128251141561672e-41,
1293,1698.22119140625,
1293,0.007828809320926666,
1294,0.003207897301763296,
1294,2.834697397702257e-06,
1295,-7.044239464448765e-05,
1295,-0.007824032567441463,
1296,1.7088834772441144e-41,
1296,2.1502924935064318e-41,
1297,2034.23779296875,
1297,0.007828310132026672,
1298,0.003711418015882373,
1298,1.2590509868459776e-05,
1299,3.6263196889763094e-09,
1299,-0.007826731540262699,
1300,3.460438165348023e-06,
1300,6.614549141152434e-41,
1301,1698.22119140625,
1301,0.0078280009329319,
1302,0.003238377394154668,
1302,1.3186522664909717e-05,
1303,0.00010119804210262373,
1303,-0.007824013009667397,
1304,1.7196734754194155e-41,
1304,6.74192717155956e-41,
1305,2132.4775390625,
1305,0.007829437032341957,
1306,0.0037114231381565332,
1306,7.3991799354189425e-09,
1307,-2.874883609573246e-15,
1307,-0.007826803252100945,
1308,0.0001394474966218695,
1308,2.0117040753847074e-41,
1309,1698.22119140625,
1309,0.007829663343727589,
1310,0.0032078970689326525,
1310,1.3459579228936036e-08,
1311,-7.664121221750975e-05,
1311,-0.00782402791082859,
1312,1.707622308626222e-41,
1312,2.1504326233528643e-41,
1313,2034.23779296875,
1313,0.007829364389181137,
1314,0.003711418015882373,
1314,5.35635313880789e-10,
1315,2.767783335855256e-09,
1315,-0.0078267278149724,
1316,3.460438165348023e-06,
1316,6.614549141152434e-41,
1317,1698.22119140625,
1317,0.007829210720956326,
1318,0.003238377394154668,
1318,6.120308149171194e-10,
1319,9.023091843118891e-05,
1319,-0.007824016734957695,
1320,1.7184123068015232e-41,
1320,6.74192717155956e-41,
1321,219444240,
1321,0.00785925891250372,
1322,0.0011384718818590045,
1322,0.003222943749278784,
1323,6.74416924910248e-41,
1323,0.0078125,
1324,0.0003299713134765625,
1324,6.659390692010828e-41,
1325,1546.2012939453125,
1325,0.007860032841563225,
1326,0.00048681427142582834,
1326,0.00498078903183341,
1327,-4.3198680309969317e-19,
1327,0.007857322692871094,
1328,2.152394441202919e-41,
1328,0,
1329,0.0003724578127730638,
1329,0.007860032841563225,
1330,5.447474222819437e-07,
1330,0.005957197397947311,
1331,0,
1331,-0.007826805114746094,
1332,2.152394441202919e-41,
1332,0,
1333,2.5980494022369385,
1333,0.007860218174755573,
1334,7.4872637014777865e-06,
1334,0.004980678670108318,
1335,0,
1335,-0.007826805114746094,
