Index,TEXCOORD2,byte28p
0,0.064453125,
0,0.36572265625,
1,0.017059326171875,
1,0.344970703125,
2,0.0164031982421875,
2,0.046142578125,
3,0.22900390625,
3,0.0458984375,
4,0.1265869140625,
4,0.376953125,
5,0.181640625,
5,0.365966796875,
6,0.229736328125,
6,0.345458984375,
7,0.229736328125,
7,0.345458984375,
8,0.22900390625,
8,0.0458984375,
9,0.2115478515625,
9,0.045867919921875,
10,0.212158203125,
10,0.345458984375,
11,0.017059326171875,
11,0.344970703125,
12,0.064453125,
12,0.36572265625,
13,0.064453125,
13,0.348388671875,
14,0.01702880859375,
14,0.32275390625,
15,0.1265869140625,
15,0.376953125,
16,0.1265869140625,
16,0.35595703125,
17,0.181640625,
17,0.365966796875,
18,0.181640625,
18,0.3486328125,
19,0.229736328125,
19,0.345458984375,
20,0.229736328125,
20,0.3232421875,
21,0.0164031982421875,
21,0.046142578125,
22,0.017059326171875,
22,0.344970703125,
23,0.03515625,
23,0.344970703125,
24,0.034515380859375,
24,0.046173095703125,
25,0.0164031982421875,
25,0.046142578125,
26,0.0164031982421875,
26,0.059600830078125,
27,0.22900390625,
27,0.059356689453125,
28,0.22900390625,
28,0.0458984375,
29,0.064453125,
29,0.36572265625,
30,0.017059326171875,
30,0.344970703125,
31,0.0164031982421875,
31,0.046142578125,
32,0.22900390625,
32,0.0458984375,
33,0.1265869140625,
33,0.376953125,
34,0.181640625,
34,0.365966796875,
35,0.229736328125,
35,0.345458984375,
36,0.229736328125,
36,0.345458984375,
37,0.22900390625,
37,0.0458984375,
38,0.2115478515625,
38,0.045867919921875,
39,0.212158203125,
39,0.345458984375,
40,0.017059326171875,
40,0.344970703125,
41,0.064453125,
41,0.36572265625,
42,0.064453125,
42,0.348388671875,
43,0.01702880859375,
43,0.32275390625,
44,0.1265869140625,
44,0.376953125,
45,0.1265869140625,
45,0.35595703125,
46,0.181640625,
46,0.365966796875,
47,0.181640625,
47,0.3486328125,
48,0.229736328125,
48,0.345458984375,
49,0.229736328125,
49,0.3232421875,
50,0.0164031982421875,
50,0.046142578125,
51,0.017059326171875,
51,0.344970703125,
52,0.03515625,
52,0.344970703125,
53,0.034515380859375,
53,0.046173095703125,
54,0.0164031982421875,
54,0.046142578125,
55,0.0164031982421875,
55,0.059600830078125,
56,0.22900390625,
56,0.059356689453125,
57,0.22900390625,
57,0.0458984375,
58,0.064453125,
58,0.36572265625,
59,0.017059326171875,
59,0.344970703125,
60,0.0164031982421875,
60,0.046142578125,
61,0.22900390625,
61,0.0458984375,
62,0.1265869140625,
62,0.376953125,
63,0.181640625,
63,0.365966796875,
64,0.229736328125,
64,0.345458984375,
65,0.229736328125,
65,0.345458984375,
66,0.22900390625,
66,0.0458984375,
67,0.2115478515625,
67,0.045867919921875,
68,0.212158203125,
68,0.345458984375,
69,0.017059326171875,
69,0.344970703125,
70,0.064453125,
70,0.36572265625,
71,0.064453125,
71,0.348388671875,
72,0.01702880859375,
72,0.32275390625,
73,0.1265869140625,
73,0.376953125,
74,0.1265869140625,
74,0.35595703125,
75,0.181640625,
75,0.365966796875,
76,0.181640625,
76,0.3486328125,
77,0.229736328125,
77,0.345458984375,
78,0.229736328125,
78,0.3232421875,
79,0.0164031982421875,
79,0.046142578125,
80,0.017059326171875,
80,0.344970703125,
81,0.03515625,
81,0.344970703125,
82,0.034515380859375,
82,0.046173095703125,
83,0.0164031982421875,
83,0.046142578125,
84,0.0164031982421875,
84,0.059600830078125,
85,0.22900390625,
85,0.059356689453125,
86,0.22900390625,
86,0.0458984375,
87,0.064453125,
87,0.36572265625,
88,0.017059326171875,
88,0.344970703125,
89,0.0164031982421875,
89,0.046142578125,
90,0.22900390625,
90,0.0458984375,
91,0.1265869140625,
91,0.376953125,
92,0.181640625,
92,0.365966796875,
93,0.229736328125,
93,0.345458984375,
94,0.229736328125,
94,0.345458984375,
95,0.22900390625,
95,0.0458984375,
96,0.2115478515625,
96,0.045867919921875,
97,0.212158203125,
97,0.345458984375,
98,0.017059326171875,
98,0.344970703125,
99,0.064453125,
99,0.36572265625,
100,0.064453125,
100,0.348388671875,
101,0.01702880859375,
101,0.32275390625,
102,0.1265869140625,
102,0.376953125,
103,0.1265869140625,
103,0.35595703125,
104,0.181640625,
104,0.365966796875,
105,0.181640625,
105,0.3486328125,
106,0.229736328125,
106,0.345458984375,
107,0.229736328125,
107,0.3232421875,
108,0.0164031982421875,
108,0.046142578125,
109,0.017059326171875,
109,0.344970703125,
110,0.03515625,
110,0.344970703125,
111,0.034515380859375,
111,0.046173095703125,
112,0.0164031982421875,
112,0.046142578125,
113,0.0164031982421875,
113,0.059600830078125,
114,0.22900390625,
114,0.059356689453125,
115,0.22900390625,
115,0.0458984375,
116,0.56494140625,
116,0.06622314453125,
117,0.56494140625,
117,0.310546875,
118,0.3291015625,
118,0.310546875,
119,0.3291015625,
119,0.06622314453125,
120,0.56494140625,
120,0.310546875,
121,0.56494140625,
121,0.06622314453125,
122,0.58544921875,
122,0.06622314453125,
123,0.58544921875,
123,0.310546875,
124,0.3291015625,
124,0.310546875,
125,0.56494140625,
125,0.310546875,
126,0.56494140625,
126,0.322998046875,
127,0.3291015625,
127,0.322998046875,
128,0.3291015625,
128,0.06622314453125,
129,0.3291015625,
129,0.310546875,
130,0.308837890625,
130,0.310546875,
131,0.307861328125,
131,0.06622314453125,
132,0.56494140625,
132,0.06622314453125,
133,0.3291015625,
133,0.06622314453125,
134,0.3291015625,
134,0.053863525390625,
135,0.56494140625,
135,0.053863525390625,
136,0.56494140625,
136,0.06622314453125,
137,0.56494140625,
137,0.310546875,
138,0.3291015625,
138,0.310546875,
139,0.3291015625,
139,0.06622314453125,
140,0.56494140625,
140,0.310546875,
141,0.56494140625,
141,0.06622314453125,
142,0.58544921875,
142,0.06622314453125,
143,0.58544921875,
143,0.310546875,
144,0.3291015625,
144,0.310546875,
145,0.56494140625,
145,0.310546875,
146,0.56494140625,
146,0.322998046875,
147,0.3291015625,
147,0.322998046875,
148,0.3291015625,
148,0.06622314453125,
149,0.3291015625,
149,0.310546875,
150,0.308837890625,
150,0.310546875,
151,0.307861328125,
151,0.06622314453125,
152,0.56494140625,
152,0.06622314453125,
153,0.3291015625,
153,0.06622314453125,
154,0.3291015625,
154,0.053863525390625,
155,0.56494140625,
155,0.053863525390625,
156,0.064453125,
156,0.36572265625,
157,0.017059326171875,
157,0.344970703125,
158,0.0164031982421875,
158,0.046142578125,
159,0.22900390625,
159,0.0458984375,
160,0.1265869140625,
160,0.376953125,
161,0.181640625,
161,0.365966796875,
162,0.229736328125,
162,0.345458984375,
163,0.229736328125,
163,0.345458984375,
164,0.22900390625,
164,0.0458984375,
165,0.2115478515625,
165,0.045867919921875,
166,0.212158203125,
166,0.345458984375,
167,0.017059326171875,
167,0.344970703125,
168,0.064453125,
168,0.36572265625,
169,0.064453125,
169,0.348388671875,
170,0.01702880859375,
170,0.32275390625,
171,0.1265869140625,
171,0.376953125,
172,0.1265869140625,
172,0.35595703125,
173,0.181640625,
173,0.365966796875,
174,0.181640625,
174,0.3486328125,
175,0.229736328125,
175,0.345458984375,
176,0.229736328125,
176,0.3232421875,
177,0.0164031982421875,
177,0.046142578125,
178,0.017059326171875,
178,0.344970703125,
179,0.03515625,
179,0.344970703125,
180,0.034515380859375,
180,0.046173095703125,
181,0.0164031982421875,
181,0.046142578125,
182,0.0164031982421875,
182,0.059600830078125,
183,0.22900390625,
183,0.059356689453125,
184,0.22900390625,
184,0.0458984375,
185,0.064453125,
185,0.36572265625,
186,0.017059326171875,
186,0.344970703125,
187,0.0164031982421875,
187,0.046142578125,
188,0.22900390625,
188,0.0458984375,
189,0.1265869140625,
189,0.376953125,
190,0.181640625,
190,0.365966796875,
191,0.229736328125,
191,0.345458984375,
192,0.229736328125,
192,0.345458984375,
193,0.22900390625,
193,0.0458984375,
194,0.2115478515625,
194,0.045867919921875,
195,0.212158203125,
195,0.345458984375,
196,0.017059326171875,
196,0.344970703125,
197,0.064453125,
197,0.36572265625,
198,0.064453125,
198,0.348388671875,
199,0.01702880859375,
199,0.32275390625,
200,0.1265869140625,
200,0.376953125,
201,0.1265869140625,
201,0.35595703125,
202,0.181640625,
202,0.365966796875,
203,0.181640625,
203,0.3486328125,
204,0.229736328125,
204,0.345458984375,
205,0.229736328125,
205,0.3232421875,
206,0.0164031982421875,
206,0.046142578125,
207,0.017059326171875,
207,0.344970703125,
208,0.03515625,
208,0.344970703125,
209,0.034515380859375,
209,0.046173095703125,
210,0.0164031982421875,
210,0.046142578125,
211,0.0164031982421875,
211,0.059600830078125,
212,0.22900390625,
212,0.059356689453125,
213,0.22900390625,
213,0.0458984375,
214,0.064453125,
214,0.36572265625,
215,0.017059326171875,
215,0.344970703125,
216,0.0164031982421875,
216,0.046142578125,
217,0.22900390625,
217,0.0458984375,
218,0.1265869140625,
218,0.376953125,
219,0.181640625,
219,0.365966796875,
220,0.229736328125,
220,0.345458984375,
221,0.229736328125,
221,0.345458984375,
222,0.22900390625,
222,0.0458984375,
223,0.2115478515625,
223,0.045867919921875,
224,0.212158203125,
224,0.345458984375,
225,0.017059326171875,
225,0.344970703125,
226,0.064453125,
226,0.36572265625,
227,0.064453125,
227,0.348388671875,
228,0.01702880859375,
228,0.32275390625,
229,0.1265869140625,
229,0.376953125,
230,0.1265869140625,
230,0.35595703125,
231,0.181640625,
231,0.365966796875,
232,0.181640625,
232,0.3486328125,
233,0.229736328125,
233,0.345458984375,
234,0.229736328125,
234,0.3232421875,
235,0.0164031982421875,
235,0.046142578125,
236,0.017059326171875,
236,0.344970703125,
237,0.03515625,
237,0.344970703125,
238,0.034515380859375,
238,0.046173095703125,
239,0.0164031982421875,
239,0.046142578125,
240,0.0164031982421875,
240,0.059600830078125,
241,0.22900390625,
241,0.059356689453125,
242,0.22900390625,
242,0.0458984375,
243,0.064453125,
243,0.36572265625,
244,0.017059326171875,
244,0.344970703125,
245,0.0164031982421875,
245,0.046142578125,
246,0.22900390625,
246,0.0458984375,
247,0.1265869140625,
247,0.376953125,
248,0.181640625,
248,0.365966796875,
249,0.229736328125,
249,0.345458984375,
250,0.229736328125,
250,0.345458984375,
251,0.22900390625,
251,0.0458984375,
252,0.2115478515625,
252,0.045867919921875,
253,0.212158203125,
253,0.345458984375,
254,0.017059326171875,
254,0.344970703125,
255,0.064453125,
255,0.36572265625,
256,0.064453125,
256,0.348388671875,
257,0.01702880859375,
257,0.32275390625,
258,0.1265869140625,
258,0.376953125,
259,0.1265869140625,
259,0.35595703125,
260,0.181640625,
260,0.365966796875,
261,0.181640625,
261,0.3486328125,
262,0.229736328125,
262,0.345458984375,
263,0.229736328125,
263,0.3232421875,
264,0.0164031982421875,
264,0.046142578125,
265,0.017059326171875,
265,0.344970703125,
266,0.03515625,
266,0.344970703125,
267,0.034515380859375,
267,0.046173095703125,
268,0.0164031982421875,
268,0.046142578125,
269,0.0164031982421875,
269,0.059600830078125,
270,0.22900390625,
270,0.059356689453125,
271,0.22900390625,
271,0.0458984375,
272,0.56494140625,
272,0.06622314453125,
273,0.56494140625,
273,0.310546875,
274,0.3291015625,
274,0.310546875,
275,0.3291015625,
275,0.06622314453125,
276,0.56494140625,
276,0.310546875,
277,0.56494140625,
277,0.06622314453125,
278,0.58544921875,
278,0.06622314453125,
279,0.58544921875,
279,0.310546875,
280,0.3291015625,
280,0.310546875,
281,0.56494140625,
281,0.310546875,
282,0.56494140625,
282,0.322998046875,
283,0.3291015625,
283,0.322998046875,
284,0.3291015625,
284,0.06622314453125,
285,0.3291015625,
285,0.310546875,
286,0.308837890625,
286,0.310546875,
287,0.307861328125,
287,0.06622314453125,
288,0.56494140625,
288,0.06622314453125,
289,0.3291015625,
289,0.06622314453125,
290,0.3291015625,
290,0.053863525390625,
291,0.56494140625,
291,0.053863525390625,
292,0.56494140625,
292,0.06622314453125,
293,0.56494140625,
293,0.310546875,
294,0.3291015625,
294,0.310546875,
295,0.3291015625,
295,0.06622314453125,
296,0.56494140625,
296,0.310546875,
297,0.56494140625,
297,0.06622314453125,
298,0.58544921875,
298,0.06622314453125,
299,0.58544921875,
299,0.310546875,
300,0.3291015625,
300,0.310546875,
301,0.56494140625,
301,0.310546875,
302,0.56494140625,
302,0.322998046875,
303,0.3291015625,
303,0.322998046875,
304,0.3291015625,
304,0.06622314453125,
305,0.3291015625,
305,0.310546875,
306,0.308837890625,
306,0.310546875,
307,0.307861328125,
307,0.06622314453125,
308,0.56494140625,
308,0.06622314453125,
309,0.3291015625,
309,0.06622314453125,
310,0.3291015625,
310,0.053863525390625,
311,0.56494140625,
311,0.053863525390625,
312,0.064453125,
312,0.36572265625,
313,0.017059326171875,
313,0.344970703125,
314,0.0164031982421875,
314,0.046142578125,
315,0.22900390625,
315,0.0458984375,
316,0.1265869140625,
316,0.376953125,
317,0.181640625,
317,0.365966796875,
318,0.229736328125,
318,0.345458984375,
319,0.229736328125,
319,0.345458984375,
320,0.22900390625,
320,0.0458984375,
321,0.2115478515625,
321,0.045867919921875,
322,0.212158203125,
322,0.345458984375,
323,0.017059326171875,
323,0.344970703125,
324,0.064453125,
324,0.36572265625,
325,0.064453125,
325,0.348388671875,
326,0.01702880859375,
326,0.32275390625,
327,0.1265869140625,
327,0.376953125,
328,0.1265869140625,
328,0.35595703125,
329,0.181640625,
329,0.365966796875,
330,0.181640625,
330,0.3486328125,
331,0.229736328125,
331,0.345458984375,
332,0.229736328125,
332,0.3232421875,
333,0.0164031982421875,
333,0.046142578125,
334,0.017059326171875,
334,0.344970703125,
335,0.03515625,
335,0.344970703125,
336,0.034515380859375,
336,0.046173095703125,
337,0.0164031982421875,
337,0.046142578125,
338,0.0164031982421875,
338,0.059600830078125,
339,0.22900390625,
339,0.059356689453125,
340,0.22900390625,
340,0.0458984375,
341,0.064453125,
341,0.36572265625,
342,0.017059326171875,
342,0.344970703125,
343,0.0164031982421875,
343,0.046142578125,
344,0.22900390625,
344,0.0458984375,
345,0.1265869140625,
345,0.376953125,
346,0.181640625,
346,0.365966796875,
347,0.229736328125,
347,0.345458984375,
348,0.229736328125,
348,0.345458984375,
349,0.22900390625,
349,0.0458984375,
350,0.2115478515625,
350,0.045867919921875,
351,0.212158203125,
351,0.345458984375,
352,0.017059326171875,
352,0.344970703125,
353,0.064453125,
353,0.36572265625,
354,0.064453125,
354,0.348388671875,
355,0.01702880859375,
355,0.32275390625,
356,0.1265869140625,
356,0.376953125,
357,0.1265869140625,
357,0.35595703125,
358,0.181640625,
358,0.365966796875,
359,0.181640625,
359,0.3486328125,
360,0.229736328125,
360,0.345458984375,
361,0.229736328125,
361,0.3232421875,
362,0.0164031982421875,
362,0.046142578125,
363,0.017059326171875,
363,0.344970703125,
364,0.03515625,
364,0.344970703125,
365,0.034515380859375,
365,0.046173095703125,
366,0.0164031982421875,
366,0.046142578125,
367,0.0164031982421875,
367,0.059600830078125,
368,0.22900390625,
368,0.059356689453125,
369,0.22900390625,
369,0.0458984375,
370,0.56494140625,
370,0.06622314453125,
371,0.56494140625,
371,0.310546875,
372,0.3291015625,
372,0.310546875,
373,0.3291015625,
373,0.06622314453125,
374,0.56494140625,
374,0.310546875,
375,0.56494140625,
375,0.06622314453125,
376,0.58544921875,
376,0.06622314453125,
377,0.58544921875,
377,0.310546875,
378,0.3291015625,
378,0.310546875,
379,0.56494140625,
379,0.310546875,
380,0.56494140625,
380,0.322998046875,
381,0.3291015625,
381,0.322998046875,
382,0.3291015625,
382,0.06622314453125,
383,0.3291015625,
383,0.310546875,
384,0.308837890625,
384,0.310546875,
385,0.307861328125,
385,0.06622314453125,
386,0.56494140625,
386,0.06622314453125,
387,0.3291015625,
387,0.06622314453125,
388,0.3291015625,
388,0.053863525390625,
389,0.56494140625,
389,0.053863525390625,
390,0.56494140625,
390,0.06622314453125,
391,0.56494140625,
391,0.310546875,
392,0.3291015625,
392,0.310546875,
393,0.3291015625,
393,0.06622314453125,
394,0.56494140625,
394,0.310546875,
395,0.56494140625,
395,0.06622314453125,
396,0.58544921875,
396,0.06622314453125,
397,0.58544921875,
397,0.310546875,
398,0.3291015625,
398,0.310546875,
399,0.56494140625,
399,0.310546875,
400,0.56494140625,
400,0.322998046875,
401,0.3291015625,
401,0.322998046875,
402,0.3291015625,
402,0.06622314453125,
403,0.3291015625,
403,0.310546875,
404,0.308837890625,
404,0.310546875,
405,0.307861328125,
405,0.06622314453125,
406,0.56494140625,
406,0.06622314453125,
407,0.3291015625,
407,0.06622314453125,
408,0.3291015625,
408,0.053863525390625,
409,0.56494140625,
409,0.053863525390625,
410,0.064453125,
410,0.36572265625,
411,0.017059326171875,
411,0.344970703125,
412,0.0164031982421875,
412,0.046142578125,
413,0.22900390625,
413,0.0458984375,
414,0.1265869140625,
414,0.376953125,
415,0.181640625,
415,0.365966796875,
416,0.229736328125,
416,0.345458984375,
417,0.229736328125,
417,0.345458984375,
418,0.22900390625,
418,0.0458984375,
419,0.2115478515625,
419,0.045867919921875,
420,0.212158203125,
420,0.345458984375,
421,0.017059326171875,
421,0.344970703125,
422,0.064453125,
422,0.36572265625,
423,0.064453125,
423,0.348388671875,
424,0.01702880859375,
424,0.32275390625,
425,0.1265869140625,
425,0.376953125,
426,0.1265869140625,
426,0.35595703125,
427,0.181640625,
427,0.365966796875,
428,0.181640625,
428,0.3486328125,
429,0.229736328125,
429,0.345458984375,
430,0.229736328125,
430,0.3232421875,
431,0.0164031982421875,
431,0.046142578125,
432,0.017059326171875,
432,0.344970703125,
433,0.03515625,
433,0.344970703125,
434,0.034515380859375,
434,0.046173095703125,
435,0.0164031982421875,
435,0.046142578125,
436,0.0164031982421875,
436,0.059600830078125,
437,0.22900390625,
437,0.059356689453125,
438,0.22900390625,
438,0.0458984375,
439,0.064453125,
439,0.36572265625,
440,0.017059326171875,
440,0.344970703125,
441,0.0164031982421875,
441,0.046142578125,
442,0.22900390625,
442,0.0458984375,
443,0.1265869140625,
443,0.376953125,
444,0.181640625,
444,0.365966796875,
445,0.229736328125,
445,0.345458984375,
446,0.229736328125,
446,0.345458984375,
447,0.22900390625,
447,0.0458984375,
448,0.2115478515625,
448,0.045867919921875,
449,0.212158203125,
449,0.345458984375,
450,0.017059326171875,
450,0.344970703125,
451,0.064453125,
451,0.36572265625,
452,0.064453125,
452,0.348388671875,
453,0.01702880859375,
453,0.32275390625,
454,0.1265869140625,
454,0.376953125,
455,0.1265869140625,
455,0.35595703125,
456,0.181640625,
456,0.365966796875,
457,0.181640625,
457,0.3486328125,
458,0.229736328125,
458,0.345458984375,
459,0.229736328125,
459,0.3232421875,
460,0.0164031982421875,
460,0.046142578125,
461,0.017059326171875,
461,0.344970703125,
462,0.03515625,
462,0.344970703125,
463,0.034515380859375,
463,0.046173095703125,
464,0.0164031982421875,
464,0.046142578125,
465,0.0164031982421875,
465,0.059600830078125,
466,0.22900390625,
466,0.059356689453125,
467,0.22900390625,
467,0.0458984375,
468,0.56494140625,
468,0.06622314453125,
469,0.56494140625,
469,0.310546875,
470,0.3291015625,
470,0.310546875,
471,0.3291015625,
471,0.06622314453125,
472,0.56494140625,
472,0.310546875,
473,0.56494140625,
473,0.06622314453125,
474,0.58544921875,
474,0.06622314453125,
475,0.58544921875,
475,0.310546875,
476,0.3291015625,
476,0.310546875,
477,0.56494140625,
477,0.310546875,
478,0.56494140625,
478,0.322998046875,
479,0.3291015625,
479,0.322998046875,
480,0.3291015625,
480,0.06622314453125,
481,0.3291015625,
481,0.310546875,
482,0.308837890625,
482,0.310546875,
483,0.307861328125,
483,0.06622314453125,
484,0.56494140625,
484,0.06622314453125,
485,0.3291015625,
485,0.06622314453125,
486,0.3291015625,
486,0.053863525390625,
487,0.56494140625,
487,0.053863525390625,
488,0.56494140625,
488,0.06622314453125,
489,0.56494140625,
489,0.310546875,
490,0.3291015625,
490,0.310546875,
491,0.3291015625,
491,0.06622314453125,
492,0.56494140625,
492,0.310546875,
493,0.56494140625,
493,0.06622314453125,
494,0.58544921875,
494,0.06622314453125,
495,0.58544921875,
495,0.310546875,
496,0.3291015625,
496,0.310546875,
497,0.56494140625,
497,0.310546875,
498,0.56494140625,
498,0.322998046875,
499,0.3291015625,
499,0.322998046875,
500,0.3291015625,
500,0.06622314453125,
501,0.3291015625,
501,0.310546875,
502,0.308837890625,
502,0.310546875,
503,0.307861328125,
503,0.06622314453125,
504,0.56494140625,
504,0.06622314453125,
505,0.3291015625,
505,0.06622314453125,
506,0.3291015625,
506,0.053863525390625,
507,0.56494140625,
507,0.053863525390625,
508,0.56494140625,
508,0.06622314453125,
509,0.56494140625,
509,0.310546875,
510,0.3291015625,
510,0.310546875,
511,0.3291015625,
511,0.06622314453125,
512,0.56494140625,
512,0.310546875,
513,0.56494140625,
513,0.06622314453125,
514,0.58544921875,
514,0.06622314453125,
515,0.58544921875,
515,0.310546875,
516,0.3291015625,
516,0.310546875,
517,0.56494140625,
517,0.310546875,
518,0.56494140625,
518,0.322998046875,
519,0.3291015625,
519,0.322998046875,
520,0.3291015625,
520,0.06622314453125,
521,0.3291015625,
521,0.310546875,
522,0.308837890625,
522,0.310546875,
523,0.307861328125,
523,0.06622314453125,
524,0.56494140625,
524,0.06622314453125,
525,0.3291015625,
525,0.06622314453125,
526,0.3291015625,
526,0.053863525390625,
527,0.56494140625,
527,0.053863525390625,
528,0.56494140625,
528,0.06622314453125,
529,0.56494140625,
529,0.310546875,
530,0.3291015625,
530,0.310546875,
531,0.3291015625,
531,0.06622314453125,
532,0.56494140625,
532,0.310546875,
533,0.56494140625,
533,0.06622314453125,
534,0.58544921875,
534,0.06622314453125,
535,0.58544921875,
535,0.310546875,
536,0.3291015625,
536,0.310546875,
537,0.56494140625,
537,0.310546875,
538,0.56494140625,
538,0.322998046875,
539,0.3291015625,
539,0.322998046875,
540,0.3291015625,
540,0.06622314453125,
541,0.3291015625,
541,0.310546875,
542,0.308837890625,
542,0.310546875,
543,0.307861328125,
543,0.06622314453125,
544,0.56494140625,
544,0.06622314453125,
545,0.3291015625,
545,0.06622314453125,
546,0.3291015625,
546,0.053863525390625,
547,0.56494140625,
547,0.053863525390625,
548,0.56494140625,
548,0.06622314453125,
549,0.56494140625,
549,0.310546875,
550,0.3291015625,
550,0.310546875,
551,0.3291015625,
551,0.06622314453125,
552,0.56494140625,
552,0.310546875,
553,0.56494140625,
553,0.06622314453125,
554,0.58544921875,
554,0.06622314453125,
555,0.58544921875,
555,0.310546875,
556,0.3291015625,
556,0.310546875,
557,0.56494140625,
557,0.310546875,
558,0.56494140625,
558,0.322998046875,
559,0.3291015625,
559,0.322998046875,
560,0.3291015625,
560,0.06622314453125,
561,0.3291015625,
561,0.310546875,
562,0.308837890625,
562,0.310546875,
563,0.307861328125,
563,0.06622314453125,
564,0.56494140625,
564,0.06622314453125,
565,0.3291015625,
565,0.06622314453125,
566,0.3291015625,
566,0.053863525390625,
567,0.56494140625,
567,0.053863525390625,
568,0.56494140625,
568,0.06622314453125,
569,0.56494140625,
569,0.310546875,
570,0.3291015625,
570,0.310546875,
571,0.3291015625,
571,0.06622314453125,
572,0.56494140625,
572,0.310546875,
573,0.56494140625,
573,0.06622314453125,
574,0.58544921875,
574,0.06622314453125,
575,0.58544921875,
575,0.310546875,
576,0.3291015625,
576,0.310546875,
577,0.56494140625,
577,0.310546875,
578,0.56494140625,
578,0.322998046875,
579,0.3291015625,
579,0.322998046875,
580,0.3291015625,
580,0.06622314453125,
581,0.3291015625,
581,0.310546875,
582,0.308837890625,
582,0.310546875,
583,0.307861328125,
583,0.06622314453125,
584,0.56494140625,
584,0.06622314453125,
585,0.3291015625,
585,0.06622314453125,
586,0.3291015625,
586,0.053863525390625,
587,0.56494140625,
587,0.053863525390625,
588,0.017059326171875,
588,0.344970703125,
589,0.0164031982421875,
589,0.046142578125,
590,0.22900390625,
590,0.0458984375,
591,0.229736328125,
591,0.345458984375,
592,0.064453125,
592,0.36572265625,
593,0.181640625,
593,0.365966796875,
594,0.1265869140625,
594,0.376953125,
595,0.229736328125,
595,0.345458984375,
596,0.22900390625,
596,0.0458984375,
597,0.2115478515625,
597,0.045867919921875,
598,0.212158203125,
598,0.345458984375,
599,0.017059326171875,
599,0.344970703125,
600,0.064453125,
600,0.36572265625,
601,0.064453125,
601,0.348388671875,
602,0.01702880859375,
602,0.32275390625,
603,0.1265869140625,
603,0.376953125,
604,0.1265869140625,
604,0.35595703125,
605,0.181640625,
605,0.365966796875,
606,0.181640625,
606,0.3486328125,
607,0.229736328125,
607,0.345458984375,
608,0.229736328125,
608,0.3232421875,
609,0.0164031982421875,
609,0.046142578125,
610,0.017059326171875,
610,0.344970703125,
611,0.03515625,
611,0.344970703125,
612,0.034515380859375,
612,0.046173095703125,
613,0.0164031982421875,
613,0.046142578125,
614,0.0164031982421875,
614,0.059600830078125,
615,0.22900390625,
615,0.059356689453125,
616,0.22900390625,
616,0.0458984375,
617,0.017059326171875,
617,0.344970703125,
618,0.0164031982421875,
618,0.046142578125,
619,0.22900390625,
619,0.0458984375,
620,0.229736328125,
620,0.345458984375,
621,0.064453125,
621,0.36572265625,
622,0.181640625,
622,0.365966796875,
623,0.1265869140625,
623,0.376953125,
624,0.229736328125,
624,0.345458984375,
625,0.22900390625,
625,0.0458984375,
626,0.2115478515625,
626,0.045867919921875,
627,0.212158203125,
627,0.345458984375,
628,0.017059326171875,
628,0.344970703125,
629,0.064453125,
629,0.36572265625,
630,0.064453125,
630,0.348388671875,
631,0.01702880859375,
631,0.32275390625,
632,0.1265869140625,
632,0.376953125,
633,0.1265869140625,
633,0.35595703125,
634,0.181640625,
634,0.365966796875,
635,0.181640625,
635,0.3486328125,
636,0.229736328125,
636,0.345458984375,
637,0.229736328125,
637,0.3232421875,
638,0.0164031982421875,
638,0.046142578125,
639,0.017059326171875,
639,0.344970703125,
640,0.03515625,
640,0.344970703125,
641,0.034515380859375,
641,0.046173095703125,
642,0.0164031982421875,
642,0.046142578125,
643,0.0164031982421875,
643,0.059600830078125,
644,0.22900390625,
644,0.059356689453125,
645,0.22900390625,
645,0.0458984375,
646,0.017059326171875,
646,0.344970703125,
647,0.0164031982421875,
647,0.046142578125,
648,0.22900390625,
648,0.0458984375,
649,0.229736328125,
649,0.345458984375,
650,0.064453125,
650,0.36572265625,
651,0.181640625,
651,0.365966796875,
652,0.1265869140625,
652,0.376953125,
653,0.229736328125,
653,0.345458984375,
654,0.22900390625,
654,0.0458984375,
655,0.2115478515625,
655,0.045867919921875,
656,0.212158203125,
656,0.345458984375,
657,0.017059326171875,
657,0.344970703125,
658,0.064453125,
658,0.36572265625,
659,0.064453125,
659,0.348388671875,
660,0.01702880859375,
660,0.32275390625,
661,0.1265869140625,
661,0.376953125,
662,0.1265869140625,
662,0.35595703125,
663,0.181640625,
663,0.365966796875,
664,0.181640625,
664,0.3486328125,
665,0.229736328125,
665,0.345458984375,
666,0.229736328125,
666,0.3232421875,
667,0.0164031982421875,
667,0.046142578125,
668,0.017059326171875,
668,0.344970703125,
669,0.03515625,
669,0.344970703125,
670,0.034515380859375,
670,0.046173095703125,
671,0.0164031982421875,
671,0.046142578125,
672,0.0164031982421875,
672,0.059600830078125,
673,0.22900390625,
673,0.059356689453125,
674,0.22900390625,
674,0.0458984375,
675,0.017059326171875,
675,0.344970703125,
676,0.0164031982421875,
676,0.046142578125,
677,0.22900390625,
677,0.0458984375,
678,0.229736328125,
678,0.345458984375,
679,0.064453125,
679,0.36572265625,
680,0.181640625,
680,0.365966796875,
681,0.1265869140625,
681,0.376953125,
682,0.229736328125,
682,0.345458984375,
683,0.22900390625,
683,0.0458984375,
684,0.2115478515625,
684,0.045867919921875,
685,0.212158203125,
685,0.345458984375,
686,0.017059326171875,
686,0.344970703125,
687,0.064453125,
687,0.36572265625,
688,0.064453125,
688,0.348388671875,
689,0.01702880859375,
689,0.32275390625,
690,0.1265869140625,
690,0.376953125,
691,0.1265869140625,
691,0.35595703125,
692,0.181640625,
692,0.365966796875,
693,0.181640625,
693,0.3486328125,
694,0.229736328125,
694,0.345458984375,
695,0.229736328125,
695,0.3232421875,
696,0.0164031982421875,
696,0.046142578125,
697,0.017059326171875,
697,0.344970703125,
698,0.03515625,
698,0.344970703125,
699,0.034515380859375,
699,0.046173095703125,
700,0.0164031982421875,
700,0.046142578125,
701,0.0164031982421875,
701,0.059600830078125,
702,0.22900390625,
702,0.059356689453125,
703,0.22900390625,
703,0.0458984375,
704,0.017059326171875,
704,0.344970703125,
705,0.0164031982421875,
705,0.046142578125,
706,0.22900390625,
706,0.0458984375,
707,0.229736328125,
707,0.345458984375,
708,0.064453125,
708,0.36572265625,
709,0.181640625,
709,0.365966796875,
710,0.1265869140625,
710,0.376953125,
711,0.229736328125,
711,0.345458984375,
712,0.22900390625,
712,0.0458984375,
713,0.2115478515625,
713,0.045867919921875,
714,0.212158203125,
714,0.345458984375,
715,0.017059326171875,
715,0.344970703125,
716,0.064453125,
716,0.36572265625,
717,0.064453125,
717,0.348388671875,
718,0.01702880859375,
718,0.32275390625,
719,0.1265869140625,
719,0.376953125,
720,0.1265869140625,
720,0.35595703125,
721,0.181640625,
721,0.365966796875,
722,0.181640625,
722,0.3486328125,
723,0.229736328125,
723,0.345458984375,
724,0.229736328125,
724,0.3232421875,
725,0.0164031982421875,
725,0.046142578125,
726,0.017059326171875,
726,0.344970703125,
727,0.03515625,
727,0.344970703125,
728,0.034515380859375,
728,0.046173095703125,
729,0.0164031982421875,
729,0.046142578125,
730,0.0164031982421875,
730,0.059600830078125,
731,0.22900390625,
731,0.059356689453125,
732,0.22900390625,
732,0.0458984375,
733,0.017059326171875,
733,0.344970703125,
734,0.0164031982421875,
734,0.046142578125,
735,0.22900390625,
735,0.0458984375,
736,0.229736328125,
736,0.345458984375,
737,0.064453125,
737,0.36572265625,
738,0.181640625,
738,0.365966796875,
739,0.1265869140625,
739,0.376953125,
740,0.229736328125,
740,0.345458984375,
741,0.22900390625,
741,0.0458984375,
742,0.2115478515625,
742,0.045867919921875,
743,0.212158203125,
743,0.345458984375,
744,0.017059326171875,
744,0.344970703125,
745,0.064453125,
745,0.36572265625,
746,0.064453125,
746,0.348388671875,
747,0.01702880859375,
747,0.32275390625,
748,0.1265869140625,
748,0.376953125,
749,0.1265869140625,
749,0.35595703125,
750,0.181640625,
750,0.365966796875,
751,0.181640625,
751,0.3486328125,
752,0.229736328125,
752,0.345458984375,
753,0.229736328125,
753,0.3232421875,
754,0.0164031982421875,
754,0.046142578125,
755,0.017059326171875,
755,0.344970703125,
756,0.03515625,
756,0.344970703125,
757,0.034515380859375,
757,0.046173095703125,
758,0.0164031982421875,
758,0.046142578125,
759,0.0164031982421875,
759,0.059600830078125,
760,0.22900390625,
760,0.059356689453125,
761,0.22900390625,
761,0.0458984375,
762,0.017059326171875,
762,0.344970703125,
763,0.0164031982421875,
763,0.046142578125,
764,0.22900390625,
764,0.0458984375,
765,0.229736328125,
765,0.345458984375,
766,0.064453125,
766,0.36572265625,
767,0.181640625,
767,0.365966796875,
768,0.1265869140625,
768,0.376953125,
769,0.229736328125,
769,0.345458984375,
770,0.22900390625,
770,0.0458984375,
771,0.2115478515625,
771,0.045867919921875,
772,0.212158203125,
772,0.345458984375,
773,0.017059326171875,
773,0.344970703125,
774,0.064453125,
774,0.36572265625,
775,0.064453125,
775,0.348388671875,
776,0.01702880859375,
776,0.32275390625,
777,0.1265869140625,
777,0.376953125,
778,0.1265869140625,
778,0.35595703125,
779,0.181640625,
779,0.365966796875,
780,0.181640625,
780,0.3486328125,
781,0.229736328125,
781,0.345458984375,
782,0.229736328125,
782,0.3232421875,
783,0.0164031982421875,
783,0.046142578125,
784,0.017059326171875,
784,0.344970703125,
785,0.03515625,
785,0.344970703125,
786,0.034515380859375,
786,0.046173095703125,
787,0.0164031982421875,
787,0.046142578125,
788,0.0164031982421875,
788,0.059600830078125,
789,0.22900390625,
789,0.059356689453125,
790,0.22900390625,
790,0.0458984375,
791,0.017059326171875,
791,0.344970703125,
792,0.0164031982421875,
792,0.046142578125,
793,0.22900390625,
793,0.0458984375,
794,0.229736328125,
794,0.345458984375,
795,0.064453125,
795,0.36572265625,
796,0.181640625,
796,0.365966796875,
797,0.1265869140625,
797,0.376953125,
798,0.229736328125,
798,0.345458984375,
799,0.22900390625,
799,0.0458984375,
800,0.2115478515625,
800,0.045867919921875,
801,0.212158203125,
801,0.345458984375,
802,0.017059326171875,
802,0.344970703125,
803,0.064453125,
803,0.36572265625,
804,0.064453125,
804,0.348388671875,
805,0.01702880859375,
805,0.32275390625,
806,0.1265869140625,
806,0.376953125,
807,0.1265869140625,
807,0.35595703125,
808,0.181640625,
808,0.365966796875,
809,0.181640625,
809,0.3486328125,
810,0.229736328125,
810,0.345458984375,
811,0.229736328125,
811,0.3232421875,
812,0.0164031982421875,
812,0.046142578125,
813,0.017059326171875,
813,0.344970703125,
814,0.03515625,
814,0.344970703125,
815,0.034515380859375,
815,0.046173095703125,
816,0.0164031982421875,
816,0.046142578125,
817,0.0164031982421875,
817,0.059600830078125,
818,0.22900390625,
818,0.059356689453125,
819,0.22900390625,
819,0.0458984375,
820,0.017059326171875,
820,0.344970703125,
821,0.0164031982421875,
821,0.046142578125,
822,0.22900390625,
822,0.0458984375,
823,0.229736328125,
823,0.345458984375,
824,0.064453125,
824,0.36572265625,
825,0.181640625,
825,0.365966796875,
826,0.1265869140625,
826,0.376953125,
827,0.229736328125,
827,0.345458984375,
828,0.22900390625,
828,0.0458984375,
829,0.2115478515625,
829,0.045867919921875,
830,0.212158203125,
830,0.345458984375,
831,0.017059326171875,
831,0.344970703125,
832,0.064453125,
832,0.36572265625,
833,0.064453125,
833,0.348388671875,
834,0.01702880859375,
834,0.32275390625,
835,0.1265869140625,
835,0.376953125,
836,0.1265869140625,
836,0.35595703125,
837,0.181640625,
837,0.365966796875,
838,0.181640625,
838,0.3486328125,
839,0.229736328125,
839,0.345458984375,
840,0.229736328125,
840,0.3232421875,
841,0.0164031982421875,
841,0.046142578125,
842,0.017059326171875,
842,0.344970703125,
843,0.03515625,
843,0.344970703125,
844,0.034515380859375,
844,0.046173095703125,
845,0.0164031982421875,
845,0.046142578125,
846,0.0164031982421875,
846,0.059600830078125,
847,0.22900390625,
847,0.059356689453125,
848,0.22900390625,
848,0.0458984375,
849,0.017059326171875,
849,0.344970703125,
850,0.0164031982421875,
850,0.046142578125,
851,0.22900390625,
851,0.0458984375,
852,0.229736328125,
852,0.345458984375,
853,0.064453125,
853,0.36572265625,
854,0.181640625,
854,0.365966796875,
855,0.1265869140625,
855,0.376953125,
856,0.229736328125,
856,0.345458984375,
857,0.22900390625,
857,0.0458984375,
858,0.2115478515625,
858,0.045867919921875,
859,0.212158203125,
859,0.345458984375,
860,0.017059326171875,
860,0.344970703125,
861,0.064453125,
861,0.36572265625,
862,0.064453125,
862,0.348388671875,
863,0.01702880859375,
863,0.32275390625,
864,0.1265869140625,
864,0.376953125,
865,0.1265869140625,
865,0.35595703125,
866,0.181640625,
866,0.365966796875,
867,0.181640625,
867,0.3486328125,
868,0.229736328125,
868,0.345458984375,
869,0.229736328125,
869,0.3232421875,
870,0.0164031982421875,
870,0.046142578125,
871,0.017059326171875,
871,0.344970703125,
872,0.03515625,
872,0.344970703125,
873,0.034515380859375,
873,0.046173095703125,
874,0.0164031982421875,
874,0.046142578125,
875,0.0164031982421875,
875,0.059600830078125,
876,0.22900390625,
876,0.059356689453125,
877,0.22900390625,
877,0.0458984375,
878,0.017059326171875,
878,0.344970703125,
879,0.0164031982421875,
879,0.046142578125,
880,0.22900390625,
880,0.0458984375,
881,0.229736328125,
881,0.345458984375,
882,0.064453125,
882,0.36572265625,
883,0.181640625,
883,0.365966796875,
884,0.1265869140625,
884,0.376953125,
885,0.229736328125,
885,0.345458984375,
886,0.22900390625,
886,0.0458984375,
887,0.2115478515625,
887,0.045867919921875,
888,0.212158203125,
888,0.345458984375,
889,0.017059326171875,
889,0.344970703125,
890,0.064453125,
890,0.36572265625,
891,0.064453125,
891,0.348388671875,
892,0.01702880859375,
892,0.32275390625,
893,0.1265869140625,
893,0.376953125,
894,0.1265869140625,
894,0.35595703125,
895,0.181640625,
895,0.365966796875,
896,0.181640625,
896,0.3486328125,
897,0.229736328125,
897,0.345458984375,
898,0.229736328125,
898,0.3232421875,
899,0.0164031982421875,
899,0.046142578125,
900,0.017059326171875,
900,0.344970703125,
901,0.03515625,
901,0.344970703125,
902,0.034515380859375,
902,0.046173095703125,
903,0.0164031982421875,
903,0.046142578125,
904,0.0164031982421875,
904,0.059600830078125,
905,0.22900390625,
905,0.059356689453125,
906,0.22900390625,
906,0.0458984375,
907,0.017059326171875,
907,0.344970703125,
908,0.0164031982421875,
908,0.046142578125,
909,0.22900390625,
909,0.0458984375,
910,0.229736328125,
910,0.345458984375,
911,0.064453125,
911,0.36572265625,
912,0.181640625,
912,0.365966796875,
913,0.1265869140625,
913,0.376953125,
914,0.229736328125,
914,0.345458984375,
915,0.22900390625,
915,0.0458984375,
916,0.2115478515625,
916,0.045867919921875,
917,0.212158203125,
917,0.345458984375,
918,0.017059326171875,
918,0.344970703125,
919,0.064453125,
919,0.36572265625,
920,0.064453125,
920,0.348388671875,
921,0.01702880859375,
921,0.32275390625,
922,0.1265869140625,
922,0.376953125,
923,0.1265869140625,
923,0.35595703125,
924,0.181640625,
924,0.365966796875,
925,0.181640625,
925,0.3486328125,
926,0.229736328125,
926,0.345458984375,
927,0.229736328125,
927,0.3232421875,
928,0.0164031982421875,
928,0.046142578125,
929,0.017059326171875,
929,0.344970703125,
930,0.03515625,
930,0.344970703125,
931,0.034515380859375,
931,0.046173095703125,
932,0.0164031982421875,
932,0.046142578125,
933,0.0164031982421875,
933,0.059600830078125,
934,0.22900390625,
934,0.059356689453125,
935,0.22900390625,
935,0.0458984375,
936,0.22900390625,
936,0.0458984375,
937,0.0164031982421875,
937,0.046142578125,
938,0.017059326171875,
938,0.344970703125,
939,0.064453125,
939,0.36572265625,
940,0.1265869140625,
940,0.376953125,
941,0.181640625,
941,0.365966796875,
942,0.229736328125,
942,0.345458984375,
943,0.229736328125,
943,0.345458984375,
944,0.212158203125,
944,0.345458984375,
945,0.2115478515625,
945,0.045867919921875,
946,0.22900390625,
946,0.0458984375,
947,0.017059326171875,
947,0.344970703125,
948,0.01702880859375,
948,0.32275390625,
949,0.064453125,
949,0.348388671875,
950,0.064453125,
950,0.36572265625,
951,0.1265869140625,
951,0.376953125,
952,0.1265869140625,
952,0.35595703125,
953,0.181640625,
953,0.365966796875,
954,0.181640625,
954,0.3486328125,
955,0.229736328125,
955,0.345458984375,
956,0.229736328125,
956,0.3232421875,
957,0.0164031982421875,
957,0.046142578125,
958,0.034515380859375,
958,0.046173095703125,
959,0.03515625,
959,0.344970703125,
960,0.017059326171875,
960,0.344970703125,
961,0.0164031982421875,
961,0.046142578125,
962,0.22900390625,
962,0.0458984375,
963,0.22900390625,
963,0.059356689453125,
964,0.0164031982421875,
964,0.059600830078125,
965,0.22900390625,
965,0.0458984375,
966,0.0164031982421875,
966,0.046142578125,
967,0.017059326171875,
967,0.344970703125,
968,0.064453125,
968,0.36572265625,
969,0.1265869140625,
969,0.376953125,
970,0.181640625,
970,0.365966796875,
971,0.229736328125,
971,0.345458984375,
972,0.229736328125,
972,0.345458984375,
973,0.212158203125,
973,0.345458984375,
974,0.2115478515625,
974,0.045867919921875,
975,0.22900390625,
975,0.0458984375,
976,0.017059326171875,
976,0.344970703125,
977,0.01702880859375,
977,0.32275390625,
978,0.064453125,
978,0.348388671875,
979,0.064453125,
979,0.36572265625,
980,0.1265869140625,
980,0.376953125,
981,0.1265869140625,
981,0.35595703125,
982,0.181640625,
982,0.365966796875,
983,0.181640625,
983,0.3486328125,
984,0.229736328125,
984,0.345458984375,
985,0.229736328125,
985,0.3232421875,
986,0.0164031982421875,
986,0.046142578125,
987,0.034515380859375,
987,0.046173095703125,
988,0.03515625,
988,0.344970703125,
989,0.017059326171875,
989,0.344970703125,
990,0.0164031982421875,
990,0.046142578125,
991,0.22900390625,
991,0.0458984375,
992,0.22900390625,
992,0.059356689453125,
993,0.0164031982421875,
993,0.059600830078125,
994,0.22900390625,
994,0.0458984375,
995,0.0164031982421875,
995,0.046142578125,
996,0.017059326171875,
996,0.344970703125,
997,0.064453125,
997,0.36572265625,
998,0.1265869140625,
998,0.376953125,
999,0.181640625,
999,0.365966796875,
1000,0.229736328125,
1000,0.345458984375,
1001,0.229736328125,
1001,0.345458984375,
1002,0.212158203125,
1002,0.345458984375,
1003,0.2115478515625,
1003,0.045867919921875,
1004,0.22900390625,
1004,0.0458984375,
1005,0.017059326171875,
1005,0.344970703125,
1006,0.01702880859375,
1006,0.32275390625,
1007,0.064453125,
1007,0.348388671875,
1008,0.064453125,
1008,0.36572265625,
1009,0.1265869140625,
1009,0.376953125,
1010,0.1265869140625,
1010,0.35595703125,
1011,0.181640625,
1011,0.365966796875,
1012,0.181640625,
1012,0.3486328125,
1013,0.229736328125,
1013,0.345458984375,
1014,0.229736328125,
1014,0.3232421875,
1015,0.0164031982421875,
1015,0.046142578125,
1016,0.034515380859375,
1016,0.046173095703125,
1017,0.03515625,
1017,0.344970703125,
1018,0.017059326171875,
1018,0.344970703125,
1019,0.0164031982421875,
1019,0.046142578125,
1020,0.22900390625,
1020,0.0458984375,
1021,0.22900390625,
1021,0.059356689453125,
1022,0.0164031982421875,
1022,0.059600830078125,
1023,0.22900390625,
1023,0.0458984375,
1024,0.0164031982421875,
1024,0.046142578125,
1025,0.017059326171875,
1025,0.344970703125,
1026,0.064453125,
1026,0.36572265625,
1027,0.1265869140625,
1027,0.376953125,
1028,0.181640625,
1028,0.365966796875,
1029,0.229736328125,
1029,0.345458984375,
1030,0.229736328125,
1030,0.345458984375,
1031,0.212158203125,
1031,0.345458984375,
1032,0.2115478515625,
1032,0.045867919921875,
1033,0.22900390625,
1033,0.0458984375,
1034,0.017059326171875,
1034,0.344970703125,
1035,0.01702880859375,
1035,0.32275390625,
1036,0.064453125,
1036,0.348388671875,
1037,0.064453125,
1037,0.36572265625,
1038,0.1265869140625,
1038,0.376953125,
1039,0.1265869140625,
1039,0.35595703125,
1040,0.181640625,
1040,0.365966796875,
1041,0.181640625,
1041,0.3486328125,
1042,0.229736328125,
1042,0.345458984375,
1043,0.229736328125,
1043,0.3232421875,
1044,0.0164031982421875,
1044,0.046142578125,
1045,0.034515380859375,
1045,0.046173095703125,
1046,0.03515625,
1046,0.344970703125,
1047,0.017059326171875,
1047,0.344970703125,
1048,0.0164031982421875,
1048,0.046142578125,
1049,0.22900390625,
1049,0.0458984375,
1050,0.22900390625,
1050,0.059356689453125,
1051,0.0164031982421875,
1051,0.059600830078125,
1052,0.56494140625,
1052,0.06622314453125,
1053,0.3291015625,
1053,0.06622314453125,
1054,0.3291015625,
1054,0.310546875,
1055,0.56494140625,
1055,0.310546875,
1056,0.56494140625,
1056,0.310546875,
1057,0.58544921875,
1057,0.310546875,
1058,0.58544921875,
1058,0.06622314453125,
1059,0.56494140625,
1059,0.06622314453125,
1060,0.3291015625,
1060,0.310546875,
1061,0.3291015625,
1061,0.322998046875,
1062,0.56494140625,
1062,0.322998046875,
1063,0.56494140625,
1063,0.310546875,
1064,0.3291015625,
1064,0.06622314453125,
1065,0.307861328125,
1065,0.06622314453125,
1066,0.308837890625,
1066,0.310546875,
1067,0.3291015625,
1067,0.310546875,
1068,0.56494140625,
1068,0.06622314453125,
1069,0.56494140625,
1069,0.053863525390625,
1070,0.3291015625,
1070,0.053863525390625,
1071,0.3291015625,
1071,0.06622314453125,
1072,0.56494140625,
1072,0.06622314453125,
1073,0.3291015625,
1073,0.06622314453125,
1074,0.3291015625,
1074,0.310546875,
1075,0.56494140625,
1075,0.310546875,
1076,0.56494140625,
1076,0.310546875,
1077,0.58544921875,
1077,0.310546875,
1078,0.58544921875,
1078,0.06622314453125,
1079,0.56494140625,
1079,0.06622314453125,
1080,0.3291015625,
1080,0.310546875,
1081,0.3291015625,
1081,0.322998046875,
1082,0.56494140625,
1082,0.322998046875,
1083,0.56494140625,
1083,0.310546875,
1084,0.3291015625,
1084,0.06622314453125,
1085,0.307861328125,
1085,0.06622314453125,
1086,0.308837890625,
1086,0.310546875,
1087,0.3291015625,
1087,0.310546875,
1088,0.56494140625,
1088,0.06622314453125,
1089,0.56494140625,
1089,0.053863525390625,
1090,0.3291015625,
1090,0.053863525390625,
1091,0.3291015625,
1091,0.06622314453125,
1092,0.22900390625,
1092,0.0458984375,
1093,0.0164031982421875,
1093,0.046142578125,
1094,0.017059326171875,
1094,0.344970703125,
1095,0.064453125,
1095,0.36572265625,
1096,0.1265869140625,
1096,0.376953125,
1097,0.181640625,
1097,0.365966796875,
1098,0.229736328125,
1098,0.345458984375,
1099,0.229736328125,
1099,0.345458984375,
1100,0.212158203125,
1100,0.345458984375,
1101,0.2115478515625,
1101,0.045867919921875,
1102,0.22900390625,
1102,0.0458984375,
1103,0.017059326171875,
1103,0.344970703125,
1104,0.01702880859375,
1104,0.32275390625,
1105,0.064453125,
1105,0.348388671875,
1106,0.064453125,
1106,0.36572265625,
1107,0.1265869140625,
1107,0.376953125,
1108,0.1265869140625,
1108,0.35595703125,
1109,0.181640625,
1109,0.365966796875,
1110,0.181640625,
1110,0.3486328125,
1111,0.229736328125,
1111,0.345458984375,
1112,0.229736328125,
1112,0.3232421875,
1113,0.0164031982421875,
1113,0.046142578125,
1114,0.034515380859375,
1114,0.046173095703125,
1115,0.03515625,
1115,0.344970703125,
1116,0.017059326171875,
1116,0.344970703125,
1117,0.0164031982421875,
1117,0.046142578125,
1118,0.22900390625,
1118,0.0458984375,
1119,0.22900390625,
1119,0.059356689453125,
1120,0.0164031982421875,
1120,0.059600830078125,
1121,0.22900390625,
1121,0.0458984375,
1122,0.0164031982421875,
1122,0.046142578125,
1123,0.017059326171875,
1123,0.344970703125,
1124,0.064453125,
1124,0.36572265625,
1125,0.1265869140625,
1125,0.376953125,
1126,0.181640625,
1126,0.365966796875,
1127,0.229736328125,
1127,0.345458984375,
1128,0.229736328125,
1128,0.345458984375,
1129,0.212158203125,
1129,0.345458984375,
1130,0.2115478515625,
1130,0.045867919921875,
1131,0.22900390625,
1131,0.0458984375,
1132,0.017059326171875,
1132,0.344970703125,
1133,0.01702880859375,
1133,0.32275390625,
1134,0.064453125,
1134,0.348388671875,
1135,0.064453125,
1135,0.36572265625,
1136,0.1265869140625,
1136,0.376953125,
1137,0.1265869140625,
1137,0.35595703125,
1138,0.181640625,
1138,0.365966796875,
1139,0.181640625,
1139,0.3486328125,
1140,0.229736328125,
1140,0.345458984375,
1141,0.229736328125,
1141,0.3232421875,
1142,0.0164031982421875,
1142,0.046142578125,
1143,0.034515380859375,
1143,0.046173095703125,
1144,0.03515625,
1144,0.344970703125,
1145,0.017059326171875,
1145,0.344970703125,
1146,0.0164031982421875,
1146,0.046142578125,
1147,0.22900390625,
1147,0.0458984375,
1148,0.22900390625,
1148,0.059356689453125,
1149,0.0164031982421875,
1149,0.059600830078125,
1150,0.22900390625,
1150,0.0458984375,
1151,0.0164031982421875,
1151,0.046142578125,
1152,0.017059326171875,
1152,0.344970703125,
1153,0.064453125,
1153,0.36572265625,
1154,0.1265869140625,
1154,0.376953125,
1155,0.181640625,
1155,0.365966796875,
1156,0.229736328125,
1156,0.345458984375,
1157,0.229736328125,
1157,0.345458984375,
1158,0.212158203125,
1158,0.345458984375,
1159,0.2115478515625,
1159,0.045867919921875,
1160,0.22900390625,
1160,0.0458984375,
1161,0.017059326171875,
1161,0.344970703125,
1162,0.01702880859375,
1162,0.32275390625,
1163,0.064453125,
1163,0.348388671875,
1164,0.064453125,
1164,0.36572265625,
1165,0.1265869140625,
1165,0.376953125,
1166,0.1265869140625,
1166,0.35595703125,
1167,0.181640625,
1167,0.365966796875,
1168,0.181640625,
1168,0.3486328125,
1169,0.229736328125,
1169,0.345458984375,
1170,0.229736328125,
1170,0.3232421875,
1171,0.0164031982421875,
1171,0.046142578125,
1172,0.034515380859375,
1172,0.046173095703125,
1173,0.03515625,
1173,0.344970703125,
1174,0.017059326171875,
1174,0.344970703125,
1175,0.0164031982421875,
1175,0.046142578125,
1176,0.22900390625,
1176,0.0458984375,
1177,0.22900390625,
1177,0.059356689453125,
1178,0.0164031982421875,
1178,0.059600830078125,
1179,0.22900390625,
1179,0.0458984375,
1180,0.0164031982421875,
1180,0.046142578125,
1181,0.017059326171875,
1181,0.344970703125,
1182,0.064453125,
1182,0.36572265625,
1183,0.1265869140625,
1183,0.376953125,
1184,0.181640625,
1184,0.365966796875,
1185,0.229736328125,
1185,0.345458984375,
1186,0.229736328125,
1186,0.345458984375,
1187,0.212158203125,
1187,0.345458984375,
1188,0.2115478515625,
1188,0.045867919921875,
1189,0.22900390625,
1189,0.0458984375,
1190,0.017059326171875,
1190,0.344970703125,
1191,0.01702880859375,
1191,0.32275390625,
1192,0.064453125,
1192,0.348388671875,
1193,0.064453125,
1193,0.36572265625,
1194,0.1265869140625,
1194,0.376953125,
1195,0.1265869140625,
1195,0.35595703125,
1196,0.181640625,
1196,0.365966796875,
1197,0.181640625,
1197,0.3486328125,
1198,0.229736328125,
1198,0.345458984375,
1199,0.229736328125,
1199,0.3232421875,
1200,0.0164031982421875,
1200,0.046142578125,
1201,0.034515380859375,
1201,0.046173095703125,
1202,0.03515625,
1202,0.344970703125,
1203,0.017059326171875,
1203,0.344970703125,
1204,0.0164031982421875,
1204,0.046142578125,
1205,0.22900390625,
1205,0.0458984375,
1206,0.22900390625,
1206,0.059356689453125,
1207,0.0164031982421875,
1207,0.059600830078125,
1208,0.56494140625,
1208,0.06622314453125,
1209,0.3291015625,
1209,0.06622314453125,
1210,0.3291015625,
1210,0.310546875,
1211,0.56494140625,
1211,0.310546875,
1212,0.56494140625,
1212,0.310546875,
1213,0.58544921875,
1213,0.310546875,
1214,0.58544921875,
1214,0.06622314453125,
1215,0.56494140625,
1215,0.06622314453125,
1216,0.3291015625,
1216,0.310546875,
1217,0.3291015625,
1217,0.322998046875,
1218,0.56494140625,
1218,0.322998046875,
1219,0.56494140625,
1219,0.310546875,
1220,0.3291015625,
1220,0.06622314453125,
1221,0.307861328125,
1221,0.06622314453125,
1222,0.308837890625,
1222,0.310546875,
1223,0.3291015625,
1223,0.310546875,
1224,0.56494140625,
1224,0.06622314453125,
1225,0.56494140625,
1225,0.053863525390625,
1226,0.3291015625,
1226,0.053863525390625,
1227,0.3291015625,
1227,0.06622314453125,
1228,0.56494140625,
1228,0.06622314453125,
1229,0.3291015625,
1229,0.06622314453125,
1230,0.3291015625,
1230,0.310546875,
1231,0.56494140625,
1231,0.310546875,
1232,0.56494140625,
1232,0.310546875,
1233,0.58544921875,
1233,0.310546875,
1234,0.58544921875,
1234,0.06622314453125,
1235,0.56494140625,
1235,0.06622314453125,
1236,0.3291015625,
1236,0.310546875,
1237,0.3291015625,
1237,0.322998046875,
1238,0.56494140625,
1238,0.322998046875,
1239,0.56494140625,
1239,0.310546875,
1240,0.3291015625,
1240,0.06622314453125,
1241,0.307861328125,
1241,0.06622314453125,
1242,0.308837890625,
1242,0.310546875,
1243,0.3291015625,
1243,0.310546875,
1244,0.56494140625,
1244,0.06622314453125,
1245,0.56494140625,
1245,0.053863525390625,
1246,0.3291015625,
1246,0.053863525390625,
1247,0.3291015625,
1247,0.06622314453125,
1248,0.22900390625,
1248,0.0458984375,
1249,0.0164031982421875,
1249,0.046142578125,
1250,0.017059326171875,
1250,0.344970703125,
1251,0.064453125,
1251,0.36572265625,
1252,0.1265869140625,
1252,0.376953125,
1253,0.181640625,
1253,0.365966796875,
1254,0.229736328125,
1254,0.345458984375,
1255,0.229736328125,
1255,0.345458984375,
1256,0.212158203125,
1256,0.345458984375,
1257,0.2115478515625,
1257,0.045867919921875,
1258,0.22900390625,
1258,0.0458984375,
1259,0.017059326171875,
1259,0.344970703125,
1260,0.01702880859375,
1260,0.32275390625,
1261,0.064453125,
1261,0.348388671875,
1262,0.064453125,
1262,0.36572265625,
1263,0.1265869140625,
1263,0.376953125,
1264,0.1265869140625,
1264,0.35595703125,
1265,0.181640625,
1265,0.365966796875,
1266,0.181640625,
1266,0.3486328125,
1267,0.229736328125,
1267,0.345458984375,
1268,0.229736328125,
1268,0.3232421875,
1269,0.0164031982421875,
1269,0.046142578125,
1270,0.034515380859375,
1270,0.046173095703125,
1271,0.03515625,
1271,0.344970703125,
1272,0.017059326171875,
1272,0.344970703125,
1273,0.0164031982421875,
1273,0.046142578125,
1274,0.22900390625,
1274,0.0458984375,
1275,0.22900390625,
1275,0.059356689453125,
1276,0.0164031982421875,
1276,0.059600830078125,
1277,0.22900390625,
1277,0.0458984375,
1278,0.0164031982421875,
1278,0.046142578125,
1279,0.017059326171875,
1279,0.344970703125,
1280,0.064453125,
1280,0.36572265625,
1281,0.1265869140625,
1281,0.376953125,
1282,0.181640625,
1282,0.365966796875,
1283,0.229736328125,
1283,0.345458984375,
1284,0.229736328125,
1284,0.345458984375,
1285,0.212158203125,
1285,0.345458984375,
1286,0.2115478515625,
1286,0.045867919921875,
1287,0.22900390625,
1287,0.0458984375,
1288,0.017059326171875,
1288,0.344970703125,
1289,0.01702880859375,
1289,0.32275390625,
1290,0.064453125,
1290,0.348388671875,
1291,0.064453125,
1291,0.36572265625,
1292,0.1265869140625,
1292,0.376953125,
1293,0.1265869140625,
1293,0.35595703125,
1294,0.181640625,
1294,0.365966796875,
1295,0.181640625,
1295,0.3486328125,
1296,0.229736328125,
1296,0.345458984375,
1297,0.229736328125,
1297,0.3232421875,
1298,0.0164031982421875,
1298,0.046142578125,
1299,0.034515380859375,
1299,0.046173095703125,
1300,0.03515625,
1300,0.344970703125,
1301,0.017059326171875,
1301,0.344970703125,
1302,0.0164031982421875,
1302,0.046142578125,
1303,0.22900390625,
1303,0.0458984375,
1304,0.22900390625,
1304,0.059356689453125,
1305,0.0164031982421875,
1305,0.059600830078125,
1306,0.56494140625,
1306,0.06622314453125,
1307,0.3291015625,
1307,0.06622314453125,
1308,0.3291015625,
1308,0.310546875,
1309,0.56494140625,
1309,0.310546875,
1310,0.56494140625,
1310,0.310546875,
1311,0.58544921875,
1311,0.310546875,
1312,0.58544921875,
1312,0.06622314453125,
1313,0.56494140625,
1313,0.06622314453125,
1314,0.3291015625,
1314,0.310546875,
1315,0.3291015625,
1315,0.322998046875,
1316,0.56494140625,
1316,0.322998046875,
1317,0.56494140625,
1317,0.310546875,
1318,0.3291015625,
1318,0.06622314453125,
1319,0.307861328125,
1319,0.06622314453125,
1320,0.308837890625,
1320,0.310546875,
1321,0.3291015625,
1321,0.310546875,
1322,0.56494140625,
1322,0.06622314453125,
1323,0.56494140625,
1323,0.053863525390625,
1324,0.3291015625,
1324,0.053863525390625,
1325,0.3291015625,
1325,0.06622314453125,
1326,0.56494140625,
1326,0.06622314453125,
1327,0.3291015625,
1327,0.06622314453125,
1328,0.3291015625,
1328,0.310546875,
1329,0.56494140625,
1329,0.310546875,
1330,0.56494140625,
1330,0.310546875,
1331,0.58544921875,
1331,0.310546875,
1332,0.58544921875,
1332,0.06622314453125,
1333,0.56494140625,
1333,0.06622314453125,
1334,0.3291015625,
1334,0.310546875,
1335,0.3291015625,
1335,0.322998046875,
1336,0.56494140625,
1336,0.322998046875,
1337,0.56494140625,
1337,0.310546875,
1338,0.3291015625,
1338,0.06622314453125,
1339,0.307861328125,
1339,0.06622314453125,
1340,0.308837890625,
1340,0.310546875,
1341,0.3291015625,
1341,0.310546875,
1342,0.56494140625,
1342,0.06622314453125,
1343,0.56494140625,
1343,0.053863525390625,
1344,0.3291015625,
1344,0.053863525390625,
1345,0.3291015625,
1345,0.06622314453125,
1346,0.22900390625,
1346,0.0458984375,
1347,0.0164031982421875,
1347,0.046142578125,
1348,0.017059326171875,
1348,0.344970703125,
1349,0.064453125,
1349,0.36572265625,
1350,0.1265869140625,
1350,0.376953125,
1351,0.181640625,
1351,0.365966796875,
1352,0.229736328125,
1352,0.345458984375,
1353,0.229736328125,
1353,0.345458984375,
1354,0.212158203125,
1354,0.345458984375,
1355,0.2115478515625,
1355,0.045867919921875,
1356,0.22900390625,
1356,0.0458984375,
1357,0.017059326171875,
1357,0.344970703125,
1358,0.01702880859375,
1358,0.32275390625,
1359,0.064453125,
1359,0.348388671875,
1360,0.064453125,
1360,0.36572265625,
1361,0.1265869140625,
1361,0.376953125,
1362,0.1265869140625,
1362,0.35595703125,
1363,0.181640625,
1363,0.365966796875,
1364,0.181640625,
1364,0.3486328125,
1365,0.229736328125,
1365,0.345458984375,
1366,0.229736328125,
1366,0.3232421875,
1367,0.0164031982421875,
1367,0.046142578125,
1368,0.034515380859375,
1368,0.046173095703125,
1369,0.03515625,
1369,0.344970703125,
1370,0.017059326171875,
1370,0.344970703125,
1371,0.0164031982421875,
1371,0.046142578125,
1372,0.22900390625,
1372,0.0458984375,
1373,0.22900390625,
1373,0.059356689453125,
1374,0.0164031982421875,
1374,0.059600830078125,
1375,0.22900390625,
1375,0.0458984375,
1376,0.0164031982421875,
1376,0.046142578125,
1377,0.017059326171875,
1377,0.344970703125,
1378,0.064453125,
1378,0.36572265625,
1379,0.1265869140625,
1379,0.376953125,
1380,0.181640625,
1380,0.365966796875,
1381,0.229736328125,
1381,0.345458984375,
1382,0.229736328125,
1382,0.345458984375,
1383,0.212158203125,
1383,0.345458984375,
1384,0.2115478515625,
1384,0.045867919921875,
1385,0.22900390625,
1385,0.0458984375,
1386,0.017059326171875,
1386,0.344970703125,
1387,0.01702880859375,
1387,0.32275390625,
1388,0.064453125,
1388,0.348388671875,
1389,0.064453125,
1389,0.36572265625,
1390,0.1265869140625,
1390,0.376953125,
1391,0.1265869140625,
1391,0.35595703125,
1392,0.181640625,
1392,0.365966796875,
1393,0.181640625,
1393,0.3486328125,
1394,0.229736328125,
1394,0.345458984375,
1395,0.229736328125,
1395,0.3232421875,
1396,0.0164031982421875,
1396,0.046142578125,
1397,0.034515380859375,
1397,0.046173095703125,
1398,0.03515625,
1398,0.344970703125,
1399,0.017059326171875,
1399,0.344970703125,
1400,0.0164031982421875,
1400,0.046142578125,
1401,0.22900390625,
1401,0.0458984375,
1402,0.22900390625,
1402,0.059356689453125,
1403,0.0164031982421875,
1403,0.059600830078125,
1404,0.56494140625,
1404,0.06622314453125,
1405,0.3291015625,
1405,0.06622314453125,
1406,0.3291015625,
1406,0.310546875,
1407,0.56494140625,
1407,0.310546875,
1408,0.56494140625,
1408,0.310546875,
1409,0.58544921875,
1409,0.310546875,
1410,0.58544921875,
1410,0.06622314453125,
1411,0.56494140625,
1411,0.06622314453125,
1412,0.3291015625,
1412,0.310546875,
1413,0.3291015625,
1413,0.322998046875,
1414,0.56494140625,
1414,0.322998046875,
1415,0.56494140625,
1415,0.310546875,
1416,0.3291015625,
1416,0.06622314453125,
1417,0.307861328125,
1417,0.06622314453125,
1418,0.308837890625,
1418,0.310546875,
1419,0.3291015625,
1419,0.310546875,
1420,0.56494140625,
1420,0.06622314453125,
1421,0.56494140625,
1421,0.053863525390625,
1422,0.3291015625,
1422,0.053863525390625,
1423,0.3291015625,
1423,0.06622314453125,
1424,0.56494140625,
1424,0.06622314453125,
1425,0.3291015625,
1425,0.06622314453125,
1426,0.3291015625,
1426,0.310546875,
1427,0.56494140625,
1427,0.310546875,
1428,0.56494140625,
1428,0.310546875,
1429,0.58544921875,
1429,0.310546875,
1430,0.58544921875,
1430,0.06622314453125,
1431,0.56494140625,
1431,0.06622314453125,
1432,0.3291015625,
1432,0.310546875,
1433,0.3291015625,
1433,0.322998046875,
1434,0.56494140625,
1434,0.322998046875,
1435,0.56494140625,
1435,0.310546875,
1436,0.3291015625,
1436,0.06622314453125,
1437,0.307861328125,
1437,0.06622314453125,
1438,0.308837890625,
1438,0.310546875,
1439,0.3291015625,
1439,0.310546875,
1440,0.56494140625,
1440,0.06622314453125,
1441,0.56494140625,
1441,0.053863525390625,
1442,0.3291015625,
1442,0.053863525390625,
1443,0.3291015625,
1443,0.06622314453125,
1444,0.56494140625,
1444,0.06622314453125,
1445,0.3291015625,
1445,0.06622314453125,
1446,0.3291015625,
1446,0.310546875,
1447,0.56494140625,
1447,0.310546875,
1448,0.56494140625,
1448,0.310546875,
1449,0.58544921875,
1449,0.310546875,
1450,0.58544921875,
1450,0.06622314453125,
1451,0.56494140625,
1451,0.06622314453125,
1452,0.3291015625,
1452,0.310546875,
1453,0.3291015625,
1453,0.322998046875,
1454,0.56494140625,
1454,0.322998046875,
1455,0.56494140625,
1455,0.310546875,
1456,0.3291015625,
1456,0.06622314453125,
1457,0.307861328125,
1457,0.06622314453125,
1458,0.308837890625,
1458,0.310546875,
1459,0.3291015625,
1459,0.310546875,
1460,0.56494140625,
1460,0.06622314453125,
1461,0.56494140625,
1461,0.053863525390625,
1462,0.3291015625,
1462,0.053863525390625,
1463,0.3291015625,
1463,0.06622314453125,
1464,0.56494140625,
1464,0.06622314453125,
1465,0.3291015625,
1465,0.06622314453125,
1466,0.3291015625,
1466,0.310546875,
1467,0.56494140625,
1467,0.310546875,
1468,0.56494140625,
1468,0.310546875,
1469,0.58544921875,
1469,0.310546875,
1470,0.58544921875,
1470,0.06622314453125,
1471,0.56494140625,
1471,0.06622314453125,
1472,0.3291015625,
1472,0.310546875,
1473,0.3291015625,
1473,0.322998046875,
1474,0.56494140625,
1474,0.322998046875,
1475,0.56494140625,
1475,0.310546875,
1476,0.3291015625,
1476,0.06622314453125,
1477,0.307861328125,
1477,0.06622314453125,
1478,0.308837890625,
1478,0.310546875,
1479,0.3291015625,
1479,0.310546875,
1480,0.56494140625,
1480,0.06622314453125,
1481,0.56494140625,
1481,0.053863525390625,
1482,0.3291015625,
1482,0.053863525390625,
1483,0.3291015625,
1483,0.06622314453125,
1484,0.56494140625,
1484,0.06622314453125,
1485,0.3291015625,
1485,0.06622314453125,
1486,0.3291015625,
1486,0.310546875,
1487,0.56494140625,
1487,0.310546875,
1488,0.56494140625,
1488,0.310546875,
1489,0.58544921875,
1489,0.310546875,
1490,0.58544921875,
1490,0.06622314453125,
1491,0.56494140625,
1491,0.06622314453125,
1492,0.3291015625,
1492,0.310546875,
1493,0.3291015625,
1493,0.322998046875,
1494,0.56494140625,
1494,0.322998046875,
1495,0.56494140625,
1495,0.310546875,
1496,0.3291015625,
1496,0.06622314453125,
1497,0.307861328125,
1497,0.06622314453125,
1498,0.308837890625,
1498,0.310546875,
1499,0.3291015625,
1499,0.310546875,
1500,0.56494140625,
1500,0.06622314453125,
1501,0.56494140625,
1501,0.053863525390625,
1502,0.3291015625,
1502,0.053863525390625,
1503,0.3291015625,
1503,0.06622314453125,
1504,0.56494140625,
1504,0.06622314453125,
1505,0.3291015625,
1505,0.06622314453125,
1506,0.3291015625,
1506,0.310546875,
1507,0.56494140625,
1507,0.310546875,
1508,0.56494140625,
1508,0.310546875,
1509,0.58544921875,
1509,0.310546875,
1510,0.58544921875,
1510,0.06622314453125,
1511,0.56494140625,
1511,0.06622314453125,
1512,0.3291015625,
1512,0.310546875,
1513,0.3291015625,
1513,0.322998046875,
1514,0.56494140625,
1514,0.322998046875,
1515,0.56494140625,
1515,0.310546875,
1516,0.3291015625,
1516,0.06622314453125,
1517,0.307861328125,
1517,0.06622314453125,
1518,0.308837890625,
1518,0.310546875,
1519,0.3291015625,
1519,0.310546875,
1520,0.56494140625,
1520,0.06622314453125,
1521,0.56494140625,
1521,0.053863525390625,
1522,0.3291015625,
1522,0.053863525390625,
1523,0.3291015625,
1523,0.06622314453125,
1524,0.22900390625,
1524,0.0458984375,
1525,0.0164031982421875,
1525,0.046142578125,
1526,0.017059326171875,
1526,0.344970703125,
1527,0.229736328125,
1527,0.345458984375,
1528,0.064453125,
1528,0.36572265625,
1529,0.181640625,
1529,0.365966796875,
1530,0.1265869140625,
1530,0.376953125,
1531,0.229736328125,
1531,0.345458984375,
1532,0.212158203125,
1532,0.345458984375,
1533,0.2115478515625,
1533,0.045867919921875,
1534,0.22900390625,
1534,0.0458984375,
1535,0.017059326171875,
1535,0.344970703125,
1536,0.01702880859375,
1536,0.32275390625,
1537,0.064453125,
1537,0.348388671875,
1538,0.064453125,
1538,0.36572265625,
1539,0.1265869140625,
1539,0.376953125,
1540,0.1265869140625,
1540,0.35595703125,
1541,0.181640625,
1541,0.365966796875,
1542,0.181640625,
1542,0.3486328125,
1543,0.229736328125,
1543,0.345458984375,
1544,0.229736328125,
1544,0.3232421875,
1545,0.0164031982421875,
1545,0.046142578125,
1546,0.034515380859375,
1546,0.046173095703125,
1547,0.03515625,
1547,0.344970703125,
1548,0.017059326171875,
1548,0.344970703125,
1549,0.0164031982421875,
1549,0.046142578125,
1550,0.22900390625,
1550,0.0458984375,
1551,0.22900390625,
1551,0.059356689453125,
1552,0.0164031982421875,
1552,0.059600830078125,
1553,0.22900390625,
1553,0.0458984375,
1554,0.0164031982421875,
1554,0.046142578125,
1555,0.017059326171875,
1555,0.344970703125,
1556,0.229736328125,
1556,0.345458984375,
1557,0.064453125,
1557,0.36572265625,
1558,0.181640625,
1558,0.365966796875,
1559,0.1265869140625,
1559,0.376953125,
1560,0.229736328125,
1560,0.345458984375,
1561,0.212158203125,
1561,0.345458984375,
1562,0.2115478515625,
1562,0.045867919921875,
1563,0.22900390625,
1563,0.0458984375,
1564,0.017059326171875,
1564,0.344970703125,
1565,0.01702880859375,
1565,0.32275390625,
1566,0.064453125,
1566,0.348388671875,
1567,0.064453125,
1567,0.36572265625,
1568,0.1265869140625,
1568,0.376953125,
1569,0.1265869140625,
1569,0.35595703125,
1570,0.181640625,
1570,0.365966796875,
1571,0.181640625,
1571,0.3486328125,
1572,0.229736328125,
1572,0.345458984375,
1573,0.229736328125,
1573,0.3232421875,
1574,0.0164031982421875,
1574,0.046142578125,
1575,0.034515380859375,
1575,0.046173095703125,
1576,0.03515625,
1576,0.344970703125,
1577,0.017059326171875,
1577,0.344970703125,
1578,0.0164031982421875,
1578,0.046142578125,
1579,0.22900390625,
1579,0.0458984375,
1580,0.22900390625,
1580,0.059356689453125,
1581,0.0164031982421875,
1581,0.059600830078125,
1582,0.22900390625,
1582,0.0458984375,
1583,0.0164031982421875,
1583,0.046142578125,
1584,0.017059326171875,
1584,0.344970703125,
1585,0.229736328125,
1585,0.345458984375,
1586,0.064453125,
1586,0.36572265625,
1587,0.181640625,
1587,0.365966796875,
1588,0.1265869140625,
1588,0.376953125,
1589,0.229736328125,
1589,0.345458984375,
1590,0.212158203125,
1590,0.345458984375,
1591,0.2115478515625,
1591,0.045867919921875,
1592,0.22900390625,
1592,0.0458984375,
1593,0.017059326171875,
1593,0.344970703125,
1594,0.01702880859375,
1594,0.32275390625,
1595,0.064453125,
1595,0.348388671875,
1596,0.064453125,
1596,0.36572265625,
1597,0.1265869140625,
1597,0.376953125,
1598,0.1265869140625,
1598,0.35595703125,
1599,0.181640625,
1599,0.365966796875,
1600,0.181640625,
1600,0.3486328125,
1601,0.229736328125,
1601,0.345458984375,
1602,0.229736328125,
1602,0.3232421875,
1603,0.0164031982421875,
1603,0.046142578125,
1604,0.034515380859375,
1604,0.046173095703125,
1605,0.03515625,
1605,0.344970703125,
1606,0.017059326171875,
1606,0.344970703125,
1607,0.0164031982421875,
1607,0.046142578125,
1608,0.22900390625,
1608,0.0458984375,
1609,0.22900390625,
1609,0.059356689453125,
1610,0.0164031982421875,
1610,0.059600830078125,
1611,0.22900390625,
1611,0.0458984375,
1612,0.0164031982421875,
1612,0.046142578125,
1613,0.017059326171875,
1613,0.344970703125,
1614,0.229736328125,
1614,0.345458984375,
1615,0.064453125,
1615,0.36572265625,
1616,0.181640625,
1616,0.365966796875,
1617,0.1265869140625,
1617,0.376953125,
1618,0.229736328125,
1618,0.345458984375,
1619,0.212158203125,
1619,0.345458984375,
1620,0.2115478515625,
1620,0.045867919921875,
1621,0.22900390625,
1621,0.0458984375,
1622,0.017059326171875,
1622,0.344970703125,
1623,0.01702880859375,
1623,0.32275390625,
1624,0.064453125,
1624,0.348388671875,
1625,0.064453125,
1625,0.36572265625,
1626,0.1265869140625,
1626,0.376953125,
1627,0.1265869140625,
1627,0.35595703125,
1628,0.181640625,
1628,0.365966796875,
1629,0.181640625,
1629,0.3486328125,
1630,0.229736328125,
1630,0.345458984375,
1631,0.229736328125,
1631,0.3232421875,
1632,0.0164031982421875,
1632,0.046142578125,
1633,0.034515380859375,
1633,0.046173095703125,
1634,0.03515625,
1634,0.344970703125,
1635,0.017059326171875,
1635,0.344970703125,
1636,0.0164031982421875,
1636,0.046142578125,
1637,0.22900390625,
1637,0.0458984375,
1638,0.22900390625,
1638,0.059356689453125,
1639,0.0164031982421875,
1639,0.059600830078125,
1640,0.22900390625,
1640,0.0458984375,
1641,0.0164031982421875,
1641,0.046142578125,
1642,0.017059326171875,
1642,0.344970703125,
1643,0.229736328125,
1643,0.345458984375,
1644,0.064453125,
1644,0.36572265625,
1645,0.181640625,
1645,0.365966796875,
1646,0.1265869140625,
1646,0.376953125,
1647,0.229736328125,
1647,0.345458984375,
1648,0.212158203125,
1648,0.345458984375,
1649,0.2115478515625,
1649,0.045867919921875,
1650,0.22900390625,
1650,0.0458984375,
1651,0.017059326171875,
1651,0.344970703125,
1652,0.01702880859375,
1652,0.32275390625,
1653,0.064453125,
1653,0.348388671875,
1654,0.064453125,
1654,0.36572265625,
1655,0.1265869140625,
1655,0.376953125,
1656,0.1265869140625,
1656,0.35595703125,
1657,0.181640625,
1657,0.365966796875,
1658,0.181640625,
1658,0.3486328125,
1659,0.229736328125,
1659,0.345458984375,
1660,0.229736328125,
1660,0.3232421875,
1661,0.0164031982421875,
1661,0.046142578125,
1662,0.034515380859375,
1662,0.046173095703125,
1663,0.03515625,
1663,0.344970703125,
1664,0.017059326171875,
1664,0.344970703125,
1665,0.0164031982421875,
1665,0.046142578125,
1666,0.22900390625,
1666,0.0458984375,
1667,0.22900390625,
1667,0.059356689453125,
1668,0.0164031982421875,
1668,0.059600830078125,
1669,0.22900390625,
1669,0.0458984375,
1670,0.0164031982421875,
1670,0.046142578125,
1671,0.017059326171875,
1671,0.344970703125,
1672,0.229736328125,
1672,0.345458984375,
1673,0.064453125,
1673,0.36572265625,
1674,0.181640625,
1674,0.365966796875,
1675,0.1265869140625,
1675,0.376953125,
1676,0.229736328125,
1676,0.345458984375,
1677,0.212158203125,
1677,0.345458984375,
1678,0.2115478515625,
1678,0.045867919921875,
1679,0.22900390625,
1679,0.0458984375,
1680,0.017059326171875,
1680,0.344970703125,
1681,0.01702880859375,
1681,0.32275390625,
1682,0.064453125,
1682,0.348388671875,
1683,0.064453125,
1683,0.36572265625,
1684,0.1265869140625,
1684,0.376953125,
1685,0.1265869140625,
1685,0.35595703125,
1686,0.181640625,
1686,0.365966796875,
1687,0.181640625,
1687,0.3486328125,
1688,0.229736328125,
1688,0.345458984375,
1689,0.229736328125,
1689,0.3232421875,
1690,0.0164031982421875,
1690,0.046142578125,
1691,0.034515380859375,
1691,0.046173095703125,
1692,0.03515625,
1692,0.344970703125,
1693,0.017059326171875,
1693,0.344970703125,
1694,0.0164031982421875,
1694,0.046142578125,
1695,0.22900390625,
1695,0.0458984375,
1696,0.22900390625,
1696,0.059356689453125,
1697,0.0164031982421875,
1697,0.059600830078125,
1698,0.22900390625,
1698,0.0458984375,
1699,0.0164031982421875,
1699,0.046142578125,
1700,0.017059326171875,
1700,0.344970703125,
1701,0.229736328125,
1701,0.345458984375,
1702,0.064453125,
1702,0.36572265625,
1703,0.181640625,
1703,0.365966796875,
1704,0.1265869140625,
1704,0.376953125,
1705,0.229736328125,
1705,0.345458984375,
1706,0.212158203125,
1706,0.345458984375,
1707,0.2115478515625,
1707,0.045867919921875,
1708,0.22900390625,
1708,0.0458984375,
1709,0.017059326171875,
1709,0.344970703125,
1710,0.01702880859375,
1710,0.32275390625,
1711,0.064453125,
1711,0.348388671875,
1712,0.064453125,
1712,0.36572265625,
1713,0.1265869140625,
1713,0.376953125,
1714,0.1265869140625,
1714,0.35595703125,
1715,0.181640625,
1715,0.365966796875,
1716,0.181640625,
1716,0.3486328125,
1717,0.229736328125,
1717,0.345458984375,
1718,0.229736328125,
1718,0.3232421875,
1719,0.0164031982421875,
1719,0.046142578125,
1720,0.034515380859375,
1720,0.046173095703125,
1721,0.03515625,
1721,0.344970703125,
1722,0.017059326171875,
1722,0.344970703125,
1723,0.0164031982421875,
1723,0.046142578125,
1724,0.22900390625,
1724,0.0458984375,
1725,0.22900390625,
1725,0.059356689453125,
1726,0.0164031982421875,
1726,0.059600830078125,
1727,0.22900390625,
1727,0.0458984375,
1728,0.0164031982421875,
1728,0.046142578125,
1729,0.017059326171875,
1729,0.344970703125,
1730,0.229736328125,
1730,0.345458984375,
1731,0.064453125,
1731,0.36572265625,
1732,0.181640625,
1732,0.365966796875,
1733,0.1265869140625,
1733,0.376953125,
1734,0.229736328125,
1734,0.345458984375,
1735,0.212158203125,
1735,0.345458984375,
1736,0.2115478515625,
1736,0.045867919921875,
1737,0.22900390625,
1737,0.0458984375,
1738,0.017059326171875,
1738,0.344970703125,
1739,0.01702880859375,
1739,0.32275390625,
1740,0.064453125,
1740,0.348388671875,
1741,0.064453125,
1741,0.36572265625,
1742,0.1265869140625,
1742,0.376953125,
1743,0.1265869140625,
1743,0.35595703125,
1744,0.181640625,
1744,0.365966796875,
1745,0.181640625,
1745,0.3486328125,
1746,0.229736328125,
1746,0.345458984375,
1747,0.229736328125,
1747,0.3232421875,
1748,0.0164031982421875,
1748,0.046142578125,
1749,0.034515380859375,
1749,0.046173095703125,
1750,0.03515625,
1750,0.344970703125,
1751,0.017059326171875,
1751,0.344970703125,
1752,0.0164031982421875,
1752,0.046142578125,
1753,0.22900390625,
1753,0.0458984375,
1754,0.22900390625,
1754,0.059356689453125,
1755,0.0164031982421875,
1755,0.059600830078125,
1756,0.22900390625,
1756,0.0458984375,
1757,0.0164031982421875,
1757,0.046142578125,
1758,0.017059326171875,
1758,0.344970703125,
1759,0.229736328125,
1759,0.345458984375,
1760,0.064453125,
1760,0.36572265625,
1761,0.181640625,
1761,0.365966796875,
1762,0.1265869140625,
1762,0.376953125,
1763,0.229736328125,
1763,0.345458984375,
1764,0.212158203125,
1764,0.345458984375,
1765,0.2115478515625,
1765,0.045867919921875,
1766,0.22900390625,
1766,0.0458984375,
1767,0.017059326171875,
1767,0.344970703125,
1768,0.01702880859375,
1768,0.32275390625,
1769,0.064453125,
1769,0.348388671875,
1770,0.064453125,
1770,0.36572265625,
1771,0.1265869140625,
1771,0.376953125,
1772,0.1265869140625,
1772,0.35595703125,
1773,0.181640625,
1773,0.365966796875,
1774,0.181640625,
1774,0.3486328125,
1775,0.229736328125,
1775,0.345458984375,
1776,0.229736328125,
1776,0.3232421875,
1777,0.0164031982421875,
1777,0.046142578125,
1778,0.034515380859375,
1778,0.046173095703125,
1779,0.03515625,
1779,0.344970703125,
1780,0.017059326171875,
1780,0.344970703125,
1781,0.0164031982421875,
1781,0.046142578125,
1782,0.22900390625,
1782,0.0458984375,
1783,0.22900390625,
1783,0.059356689453125,
1784,0.0164031982421875,
1784,0.059600830078125,
1785,0.22900390625,
1785,0.0458984375,
1786,0.0164031982421875,
1786,0.046142578125,
1787,0.017059326171875,
1787,0.344970703125,
1788,0.229736328125,
1788,0.345458984375,
1789,0.064453125,
1789,0.36572265625,
1790,0.181640625,
1790,0.365966796875,
1791,0.1265869140625,
1791,0.376953125,
1792,0.229736328125,
1792,0.345458984375,
1793,0.212158203125,
1793,0.345458984375,
1794,0.2115478515625,
1794,0.045867919921875,
1795,0.22900390625,
1795,0.0458984375,
1796,0.017059326171875,
1796,0.344970703125,
1797,0.01702880859375,
1797,0.32275390625,
1798,0.064453125,
1798,0.348388671875,
1799,0.064453125,
1799,0.36572265625,
1800,0.1265869140625,
1800,0.376953125,
1801,0.1265869140625,
1801,0.35595703125,
1802,0.181640625,
1802,0.365966796875,
1803,0.181640625,
1803,0.3486328125,
1804,0.229736328125,
1804,0.345458984375,
1805,0.229736328125,
1805,0.3232421875,
1806,0.0164031982421875,
1806,0.046142578125,
1807,0.034515380859375,
1807,0.046173095703125,
1808,0.03515625,
1808,0.344970703125,
1809,0.017059326171875,
1809,0.344970703125,
1810,0.0164031982421875,
1810,0.046142578125,
1811,0.22900390625,
1811,0.0458984375,
1812,0.22900390625,
1812,0.059356689453125,
1813,0.0164031982421875,
1813,0.059600830078125,
1814,0.22900390625,
1814,0.0458984375,
1815,0.0164031982421875,
1815,0.046142578125,
1816,0.017059326171875,
1816,0.344970703125,
1817,0.229736328125,
1817,0.345458984375,
1818,0.064453125,
1818,0.36572265625,
1819,0.181640625,
1819,0.365966796875,
1820,0.1265869140625,
1820,0.376953125,
1821,0.229736328125,
1821,0.345458984375,
1822,0.212158203125,
1822,0.345458984375,
1823,0.2115478515625,
1823,0.045867919921875,
1824,0.22900390625,
1824,0.0458984375,
1825,0.017059326171875,
1825,0.344970703125,
1826,0.01702880859375,
1826,0.32275390625,
1827,0.064453125,
1827,0.348388671875,
1828,0.064453125,
1828,0.36572265625,
1829,0.1265869140625,
1829,0.376953125,
1830,0.1265869140625,
1830,0.35595703125,
1831,0.181640625,
1831,0.365966796875,
1832,0.181640625,
1832,0.3486328125,
1833,0.229736328125,
1833,0.345458984375,
1834,0.229736328125,
1834,0.3232421875,
1835,0.0164031982421875,
1835,0.046142578125,
1836,0.034515380859375,
1836,0.046173095703125,
1837,0.03515625,
1837,0.344970703125,
1838,0.017059326171875,
1838,0.344970703125,
1839,0.0164031982421875,
1839,0.046142578125,
1840,0.22900390625,
1840,0.0458984375,
1841,0.22900390625,
1841,0.059356689453125,
1842,0.0164031982421875,
1842,0.059600830078125,
1843,0.22900390625,
1843,0.0458984375,
1844,0.0164031982421875,
1844,0.046142578125,
1845,0.017059326171875,
1845,0.344970703125,
1846,0.229736328125,
1846,0.345458984375,
1847,0.064453125,
1847,0.36572265625,
1848,0.181640625,
1848,0.365966796875,
1849,0.1265869140625,
1849,0.376953125,
1850,0.229736328125,
1850,0.345458984375,
1851,0.212158203125,
1851,0.345458984375,
1852,0.2115478515625,
1852,0.045867919921875,
1853,0.22900390625,
1853,0.0458984375,
1854,0.017059326171875,
1854,0.344970703125,
1855,0.01702880859375,
1855,0.32275390625,
1856,0.064453125,
1856,0.348388671875,
1857,0.064453125,
1857,0.36572265625,
1858,0.1265869140625,
1858,0.376953125,
1859,0.1265869140625,
1859,0.35595703125,
1860,0.181640625,
1860,0.365966796875,
1861,0.181640625,
1861,0.3486328125,
1862,0.229736328125,
1862,0.345458984375,
1863,0.229736328125,
1863,0.3232421875,
1864,0.0164031982421875,
1864,0.046142578125,
1865,0.034515380859375,
1865,0.046173095703125,
1866,0.03515625,
1866,0.344970703125,
1867,0.017059326171875,
1867,0.344970703125,
1868,0.0164031982421875,
1868,0.046142578125,
1869,0.22900390625,
1869,0.0458984375,
1870,0.22900390625,
1870,0.059356689453125,
1871,0.0164031982421875,
1871,0.059600830078125,
1872,-13.1484375,
1872,-1.7939453125,
1873,0,
1873,0.9375,
1874,3.99609375,
1874,-1.830078125,
1875,0.007076263427734375,
1875,1.2060546875,
1876,-0.1429443359375,
1876,-1.8330078125,
1877,-5.65234375,
1877,1.3642578125,
1878,-13.1484375,
1878,-1.7939453125,
1879,0,
1879,0.9375,
1880,-42.625,
1880,-1.708984375,
1881,3.993511199951172e-05,
1881,0.9375,
1882,271,
1882,-1.7607421875,
1883,-0.0731201171875,
1883,1.25390625,
1884,3.99609375,
1884,-1.830078125,
1885,-0.0667724609375,
1885,1.25390625,
1886,-0.10107421875,
1886,1.8017578125,
1887,-0.301025390625,
1887,1.81640625,
1888,-0.0028629302978515625,
1888,1.7900390625,
1889,3792,
1889,1.81640625,
1890,444,
1890,1.755859375,
1891,0.0109710693359375,
1891,1.8095703125,
1892,0.0006532669067382812,
1892,1.822265625,
1893,-0.65771484375,
1893,1.80859375,
1894,0.000946044921875,
1894,-1.130859375,
1895,595,
1895,1.8134765625,
1896,0.00011801719665527344,
1896,1.7724609375,
1897,0.062286376953125,
1897,1.8203125,
1898,-0.375,
1898,-1.2099609375,
1899,51.21875,
1899,1.8505859375,
1900,0.0015058517456054688,
1900,1.681640625,
1901,2.998046875,
1901,1.8681640625,
1902,-0.0019216537475585938,
1902,-1.7041015625,
1903,0.00021898746490478516,
1903,1.8701171875,
1904,0.00070953369140625,
1904,-1.7841796875,
1905,-0.02606201171875,
1905,1.8701171875,
1906,-0.05792236328125,
1906,1.77734375,
1907,1655,
1907,1.865234375,
1908,-0.375,
1908,-1.2099609375,
1909,-0.0260467529296875,
1909,1.8701171875,
1910,0.00070953369140625,
1910,-1.7841796875,
1911,-0.441162109375,
1911,1.8525390625,
1912,-1122,
1912,-1.7880859375,
1913,-6040,
1913,1.8505859375,
1914,inf,
1914,-1.7802734375,
1915,51.21875,
1915,1.8505859375,
1916,-0.375,
1916,-1.2099609375,
1917,-71.875,
1917,1.861328125,
1918,inf,
1918,-1.7802734375,
1919,-1254,
1919,1.84375,
1920,-0.00110626220703125,
1920,-1.6591796875,
1921,0.0037708282470703125,
1921,1.8427734375,
1922,0.0009045600891113281,
1922,1.63671875,
1923,-3.5762786865234375e-06,
1923,1.841796875,
1924,-0.375,
1924,-1.2099609375,
1925,0.062286376953125,
1925,1.8212890625,
1926,0.0009045600891113281,
1926,1.63671875,
1927,2.005859375,
1927,1.8359375,
1928,-0.002277374267578125,
1928,1.7744140625,
1929,0.003692626953125,
1929,1.8388671875,
1930,-0.00044465065002441406,
1930,1.783203125,
1931,-1214,
1931,1.83984375,
1932,-0.05792236328125,
1932,1.77734375,
1933,-3.5762786865234375e-06,
1933,1.8408203125,
1934,-58.5,
1934,1.76953125,
1935,-0.0263671875,
1935,1.845703125,
1936,0.11334228515625,
1936,-1.54296875,
1937,-36.0625,
1937,1.8388671875,
1938,2660,
1938,-1.5927734375,
1939,-35.90625,
1939,1.8388671875,
1940,-20.4375,
1940,1.673828125,
1941,-0.0003631114959716797,
1941,1.8466796875,
1942,-8.5703125,
1942,-1.8017578125,
1943,0.0008573532104492188,
1943,1.83203125,
1944,-226.5,
1944,-1.830078125,
1945,-51168,
1945,1.83203125,
1946,-21072,
1946,-1.861328125,
1947,-0.6728515625,
1947,1.82421875,
